archive_path,bytes,role
"AAAGameData/DataTables/Build/BuildingTable.xlsx",45872,payload
"AAAGameData/DataTables/Hero/SkillTable.xlsx",12703,payload
"AAAGameData/DataTables/Level/LevelTable.xlsx",13245,payload
"AAAGameData/DataTables/Level/LevelTagTable.xlsx",22322,payload
"AAAGameData/DataTables/Level/ObjectiveTable.xlsx",6544,payload
"AAAGameData/DataTables/Level/VariableExperimentRuleTable.xlsx",10708,payload
"Assets/AAAGame/DataTable/Build/BuildingTable.txt",55082,payload
"Assets/AAAGame/DataTable/Build/BuildingTable.txt.meta",165,meta
"Assets/AAAGame/DataTable/Hero/SkillTable.txt",2756,payload
"Assets/AAAGame/DataTable/Hero/SkillTable.txt.meta",165,meta
"Assets/AAAGame/DataTable/Level/LevelTable.bytes",145,payload
"Assets/AAAGame/DataTable/Level/LevelTable.bytes.meta",165,meta
"Assets/AAAGame/DataTable/Level/LevelTable.txt",5021,payload
"Assets/AAAGame/DataTable/Level/LevelTable.txt.meta",165,meta
"Assets/AAAGame/DataTable/Level/LevelTagTable.txt",18660,payload
"Assets/AAAGame/DataTable/Level/LevelTagTable.txt.meta",165,meta
"Assets/AAAGame/DataTable/Level/ObjectiveTable.txt",2518,payload
"Assets/AAAGame/DataTable/Level/ObjectiveTable.txt.meta",158,meta
"Assets/AAAGame/DataTable/Level/VariableExperimentRuleTable.txt",777,payload
"Assets/AAAGame/DataTable/Level/VariableExperimentRuleTable.txt.meta",158,meta
"Assets/AAAGame/Language/ChineseSimplified.bytes",866,payload
"Assets/AAAGame/Language/ChineseSimplified.bytes.meta",165,meta
"Assets/AAAGame/Language/ChineseSimplified.json",62436,payload
"Assets/AAAGame/Language/ChineseSimplified.json.meta",165,meta
"Assets/AAAGame/Language/ChineseTraditional.bytes",848,payload
"Assets/AAAGame/Language/ChineseTraditional.bytes.meta",165,meta
"Assets/AAAGame/Language/ChineseTraditional.json",39724,payload
"Assets/AAAGame/Language/ChineseTraditional.json.meta",165,meta
"Assets/AAAGame/Language/English.bytes",909,payload
"Assets/AAAGame/Language/English.bytes.meta",165,meta
"Assets/AAAGame/Language/English.json",39925,payload
"Assets/AAAGame/Language/English.json.meta",165,meta
"Assets/AAAGame/Language/Japanese.bytes",1184,payload
"Assets/AAAGame/Language/Japanese.bytes.meta",165,meta
"Assets/AAAGame/Language/Japanese.json",40459,payload
"Assets/AAAGame/Language/Japanese.json.meta",165,meta
"Assets/AAAGame/Language/Korean.bytes",1025,payload
"Assets/AAAGame/Language/Korean.bytes.meta",165,meta
"Assets/AAAGame/Language/Korean.json",40292,payload
"Assets/AAAGame/Language/Korean.json.meta",165,meta
"Assets/AAAGame/Models/程序建筑/程序1.fbx",338028,payload
"Assets/AAAGame/Models/程序建筑/程序1.fbx.meta",2939,meta
"Assets/AAAGame/Models/程序建筑/程序2.fbx",146220,payload
"Assets/AAAGame/Models/程序建筑/程序2.fbx.meta",2939,meta
"Assets/AAAGame/Models/程序建筑/程序3.fbx",116540,payload
"Assets/AAAGame/Models/程序建筑/程序3.fbx.meta",2939,meta
"Assets/AAAGame/Models/程序建筑/程序4.fbx",857756,payload
"Assets/AAAGame/Models/程序建筑/程序4.fbx.meta",2939,meta
"Assets/AAAGame/Models/程序建筑/程序5.fbx",304492,payload
"Assets/AAAGame/Models/程序建筑/程序5.fbx.meta",2939,meta
"Assets/AAAGame/Models/其他/ArmyLv0.fbx",83996,payload
"Assets/AAAGame/Models/其他/ArmyLv0.fbx.meta",2939,meta
"Assets/AAAGame/Models/其他/ProdLv0.fbx",83868,payload
"Assets/AAAGame/Models/其他/ProdLv0.fbx.meta",2939,meta
"Assets/AAAGame/Models/其他/TechLv0.fbx",86860,payload
"Assets/AAAGame/Models/其他/TechLv0.fbx.meta",2939,meta
"Assets/AAAGame/Models/肉场/大基地.prefab",2580,payload
"Assets/AAAGame/Models/肉场/大基地.prefab.meta",161,meta
"Assets/AAAGame/Models/肉场/吊俩头猪.prefab",2567,payload
"Assets/AAAGame/Models/肉场/吊俩头猪.prefab.meta",161,meta
"Assets/AAAGame/Models/肉场/晾四块肉.prefab",2569,payload
"Assets/AAAGame/Models/肉场/晾四块肉.prefab.meta",161,meta
"Assets/AAAGame/Models/肉场/肉场.fbx",1118748,payload
"Assets/AAAGame/Models/肉场/肉场.fbx.meta",3964,meta
"Assets/AAAGame/Models/肉场/肉场3_basecolor.JPEG",1029945,payload
"Assets/AAAGame/Models/肉场/肉场3_basecolor.JPEG.meta",3073,meta
"Assets/AAAGame/Models/肉场/肉场3_metallic.JPEG",839092,payload
"Assets/AAAGame/Models/肉场/肉场3_metallic.JPEG.meta",3073,meta
"Assets/AAAGame/Models/肉场/肉场3_normal.JPEG",319866,payload
"Assets/AAAGame/Models/肉场/肉场3_normal.JPEG.meta",3073,meta
"Assets/AAAGame/Models/肉场/肉场3_roughness.JPEG",817045,payload
"Assets/AAAGame/Models/肉场/肉场3_roughness.JPEG.meta",3073,meta
"Assets/AAAGame/Models/肉场/肉场4_basecolor.JPEG",674646,payload
"Assets/AAAGame/Models/肉场/肉场4_basecolor.JPEG.meta",3073,meta
"Assets/AAAGame/Models/肉场/肉场4_metallic.JPEG",798588,payload
"Assets/AAAGame/Models/肉场/肉场4_metallic.JPEG.meta",3073,meta
"Assets/AAAGame/Models/肉场/肉场4_roughness.JPEG",732077,payload
"Assets/AAAGame/Models/肉场/肉场4_roughness.JPEG.meta",3073,meta
"Assets/AAAGame/Models/肉场/肉场基地_basecolor.jpg",3162976,payload
"Assets/AAAGame/Models/肉场/肉场基地_basecolor.jpg.meta",3073,meta
"Assets/AAAGame/Models/肉场/肉场小1_basecolor.JPEG",684444,payload
"Assets/AAAGame/Models/肉场/肉场小1_basecolor.JPEG.meta",3073,meta
"Assets/AAAGame/Models/肉场/肉场小1_metallic.JPEG",729258,payload
"Assets/AAAGame/Models/肉场/肉场小1_metallic.JPEG.meta",3073,meta
"Assets/AAAGame/Models/肉场/肉场小1_normal.JPEG",297488,payload
"Assets/AAAGame/Models/肉场/肉场小1_normal.JPEG.meta",3073,meta
"Assets/AAAGame/Models/肉场/肉场小1_roughness.JPEG",677086,payload
"Assets/AAAGame/Models/肉场/肉场小1_roughness.JPEG.meta",3073,meta
"Assets/AAAGame/Models/肉场/肉场小2_basecolor.JPEG",869383,payload
"Assets/AAAGame/Models/肉场/肉场小2_basecolor.JPEG.meta",3073,meta
"Assets/AAAGame/Models/肉场/肉场小2_metallic.JPEG",889645,payload
"Assets/AAAGame/Models/肉场/肉场小2_metallic.JPEG.meta",3073,meta
"Assets/AAAGame/Models/肉场/肉场小2_normal.JPEG",354523,payload
"Assets/AAAGame/Models/肉场/肉场小2_normal.JPEG.meta",3073,meta
"Assets/AAAGame/Models/肉场/肉场小2_roughness.JPEG",821086,payload
"Assets/AAAGame/Models/肉场/肉场小2_roughness.JPEG.meta",3073,meta
"Assets/AAAGame/Models/肉场/也许是柜子.prefab",2583,payload
"Assets/AAAGame/Models/肉场/也许是柜子.prefab.meta",161,meta
"Assets/AAAGame/Models/肉场/桌子上有俩块肉.prefab",2585,payload
"Assets/AAAGame/Models/肉场/桌子上有俩块肉.prefab.meta",161,meta
"Assets/AAAGame/Models/肉场/tripo_mat_0825b560.mat",3893,payload
"Assets/AAAGame/Models/肉场/tripo_mat_0825b560.mat.meta",196,meta
"Assets/AAAGame/Models/肉场/tripo_mat_0888477b.mat",4116,payload
"Assets/AAAGame/Models/肉场/tripo_mat_0888477b.mat.meta",196,meta
"Assets/AAAGame/Models/肉场/tripo_mat_198f798b.mat",4043,payload
"Assets/AAAGame/Models/肉场/tripo_mat_198f798b.mat.meta",196,meta
"Assets/AAAGame/Models/肉场/tripo_mat_1effe524.mat",4116,payload
"Assets/AAAGame/Models/肉场/tripo_mat_1effe524.mat.meta",196,meta
"Assets/AAAGame/Models/肉场/tripo_node_5dd5028b-45fb-439e-be07-7a62ffa4982b_material.mat",4142,payload
"Assets/AAAGame/Models/肉场/tripo_node_5dd5028b-45fb-439e-be07-7a62ffa4982b_material.mat.meta",196,meta
"Assets/AAAGame/Models/物流建筑/调白 .fbx",695292,payload
"Assets/AAAGame/Models/物流建筑/调白 .fbx.meta",2939,meta
"Assets/AAAGame/Models/物流建筑/Buil_DeliveryHub_Lv1.fbx",56268,payload
"Assets/AAAGame/Models/物流建筑/Buil_DeliveryHub_Lv1.fbx.meta",2941,meta
"Assets/AAAGame/Models/物流建筑/Buil_DeliveryHub_Lv2.fbx",88172,payload
"Assets/AAAGame/Models/物流建筑/Buil_DeliveryHub_Lv2.fbx.meta",2941,meta
"Assets/AAAGame/Models/物流建筑/Buil_DeliveryHub_Lv3.fbx",100988,payload
"Assets/AAAGame/Models/物流建筑/Buil_DeliveryHub_Lv3.fbx.meta",2941,meta
"Assets/AAAGame/Models/物流建筑/Buil_ParcelLocker_Lv1.fbx",41148,payload
"Assets/AAAGame/Models/物流建筑/Buil_ParcelLocker_Lv1.fbx.meta",2941,meta
"Assets/AAAGame/Models/物流建筑/Buil_ParcelLocker_Lv2.fbx",61644,payload
"Assets/AAAGame/Models/物流建筑/Buil_ParcelLocker_Lv2.fbx.meta",2941,meta
"Assets/AAAGame/Models/物流建筑/Buil_ParcelLocker_Lv3.fbx",98092,payload
"Assets/AAAGame/Models/物流建筑/Buil_ParcelLocker_Lv3.fbx.meta",2941,meta
"Assets/AAAGame/Models/物流建筑/Buil_PickupPoint_Lv1.fbx",43004,payload
"Assets/AAAGame/Models/物流建筑/Buil_PickupPoint_Lv1.fbx.meta",2941,meta
"Assets/AAAGame/Models/物流建筑/Buil_PickupPoint_Lv2.fbx",64412,payload
"Assets/AAAGame/Models/物流建筑/Buil_PickupPoint_Lv2.fbx.meta",2941,meta
"Assets/AAAGame/Models/物流建筑/Buil_PickupPoint_Lv3.fbx",80972,payload
"Assets/AAAGame/Models/物流建筑/Buil_PickupPoint_Lv3.fbx.meta",2941,meta
"Assets/AAAGame/Models/物流建筑/Buil_SortingCenter_Lv1.fbx",218828,payload
"Assets/AAAGame/Models/物流建筑/Buil_SortingCenter_Lv1.fbx.meta",2941,meta
"Assets/AAAGame/Models/游客建筑/Buil_BallPit_Lv1.fbx",222732,payload
"Assets/AAAGame/Models/游客建筑/Buil_BallPit_Lv1.fbx.meta",2941,meta
"Assets/AAAGame/Models/游客建筑/Buil_DreamPark_Lv1.fbx",354636,payload
"Assets/AAAGame/Models/游客建筑/Buil_DreamPark_Lv1.fbx.meta",2941,meta
"Assets/AAAGame/Models/游客建筑/Buil_DrinkStand_Lv1.fbx",202988,payload
"Assets/AAAGame/Models/游客建筑/Buil_DrinkStand_Lv1.fbx.meta",2941,meta
"Assets/AAAGame/Models/游客建筑/Buil_GiantMascot_Lv1.fbx",139100,payload
"Assets/AAAGame/Models/游客建筑/Buil_GiantMascot_Lv1.fbx.meta",2941,meta
"Assets/AAAGame/Models/游客建筑/Buil_SouvenirStand_Lv1.fbx",127404,payload
"Assets/AAAGame/Models/游客建筑/Buil_SouvenirStand_Lv1.fbx.meta",2941,meta
"Assets/AAAGame/Prefabs/Entity/Building/Buil_Army_Lv0.prefab",14005,payload
"Assets/AAAGame/Prefabs/Entity/Building/Buil_Army_Lv0.prefab.meta",161,meta
"Assets/AAAGame/Prefabs/Entity/Building/Buil_BallLauncher_Lv1.prefab",9608,payload
"Assets/AAAGame/Prefabs/Entity/Building/Buil_BallLauncher_Lv1.prefab.meta",161,meta
"Assets/AAAGame/Prefabs/Entity/Building/Buil_BallLauncher_Lv2.prefab",9608,payload
"Assets/AAAGame/Prefabs/Entity/Building/Buil_BallLauncher_Lv2.prefab.meta",161,meta
"Assets/AAAGame/Prefabs/Entity/Building/Buil_BallLauncher_Lv3.prefab",9608,payload
"Assets/AAAGame/Prefabs/Entity/Building/Buil_BallLauncher_Lv3.prefab.meta",161,meta
"Assets/AAAGame/Prefabs/Entity/Building/Buil_BallPit_Lv1.prefab",17185,payload
"Assets/AAAGame/Prefabs/Entity/Building/Buil_BallPit_Lv1.prefab.meta",161,meta
"Assets/AAAGame/Prefabs/Entity/Building/Buil_BallPit_Lv2.prefab",14399,payload
"Assets/AAAGame/Prefabs/Entity/Building/Buil_BallPit_Lv2.prefab.meta",161,meta
"Assets/AAAGame/Prefabs/Entity/Building/Buil_BallPit_Lv3.prefab",14426,payload
"Assets/AAAGame/Prefabs/Entity/Building/Buil_BallPit_Lv3.prefab.meta",161,meta
"Assets/AAAGame/Prefabs/Entity/Building/Buil_Base_Lv0.prefab",14161,payload
"Assets/AAAGame/Prefabs/Entity/Building/Buil_Base_Lv0.prefab.meta",161,meta
"Assets/AAAGame/Prefabs/Entity/Building/Buil_BodyguardAgency_Lv1.prefab",9611,payload
"Assets/AAAGame/Prefabs/Entity/Building/Buil_BodyguardAgency_Lv1.prefab.meta",161,meta
"Assets/AAAGame/Prefabs/Entity/Building/Buil_BodyguardAgency_Lv2.prefab",9611,payload
"Assets/AAAGame/Prefabs/Entity/Building/Buil_BodyguardAgency_Lv2.prefab.meta",161,meta
"Assets/AAAGame/Prefabs/Entity/Building/Buil_BodyguardAgency_Lv3.prefab",9611,payload
"Assets/AAAGame/Prefabs/Entity/Building/Buil_BodyguardAgency_Lv3.prefab.meta",161,meta
"Assets/AAAGame/Prefabs/Entity/Building/Buil_Bollard_Lv1.prefab",9603,payload
"Assets/AAAGame/Prefabs/Entity/Building/Buil_Bollard_Lv1.prefab.meta",161,meta
"Assets/AAAGame/Prefabs/Entity/Building/Buil_Bollard_Lv2.prefab",9603,payload
"Assets/AAAGame/Prefabs/Entity/Building/Buil_Bollard_Lv2.prefab.meta",161,meta
"Assets/AAAGame/Prefabs/Entity/Building/Buil_Bollard_Lv3.prefab",9603,payload
"Assets/AAAGame/Prefabs/Entity/Building/Buil_Bollard_Lv3.prefab.meta",161,meta
"Assets/AAAGame/Prefabs/Entity/Building/Buil_BreedingRoom_Lv1.prefab",9608,payload
"Assets/AAAGame/Prefabs/Entity/Building/Buil_BreedingRoom_Lv1.prefab.meta",161,meta
"Assets/AAAGame/Prefabs/Entity/Building/Buil_BreedingRoom_Lv2.prefab",9608,payload
"Assets/AAAGame/Prefabs/Entity/Building/Buil_BreedingRoom_Lv2.prefab.meta",161,meta
"Assets/AAAGame/Prefabs/Entity/Building/Buil_BreedingRoom_Lv3.prefab",9608,payload
"Assets/AAAGame/Prefabs/Entity/Building/Buil_BreedingRoom_Lv3.prefab.meta",161,meta
"Assets/AAAGame/Prefabs/Entity/Building/Buil_ColdMeatStorage_Lv1.prefab",15563,payload
"Assets/AAAGame/Prefabs/Entity/Building/Buil_ColdMeatStorage_Lv1.prefab.meta",161,meta
"Assets/AAAGame/Prefabs/Entity/Building/Buil_ColdMeatStorage_Lv2.prefab",12803,payload
"Assets/AAAGame/Prefabs/Entity/Building/Buil_ColdMeatStorage_Lv2.prefab.meta",161,meta
"Assets/AAAGame/Prefabs/Entity/Building/Buil_ColdMeatStorage_Lv3.prefab",12795,payload
"Assets/AAAGame/Prefabs/Entity/Building/Buil_ColdMeatStorage_Lv3.prefab.meta",161,meta
"Assets/AAAGame/Prefabs/Entity/Building/Buil_Def_Lv0.prefab",10779,payload
"Assets/AAAGame/Prefabs/Entity/Building/Buil_Def_Lv0.prefab.meta",161,meta
"Assets/AAAGame/Prefabs/Entity/Building/Buil_DeliveryHub_Lv1.prefab",9607,payload
"Assets/AAAGame/Prefabs/Entity/Building/Buil_DeliveryHub_Lv1.prefab.meta",161,meta
"Assets/AAAGame/Prefabs/Entity/Building/Buil_DeliveryHub_Lv2.prefab",9614,payload
"Assets/AAAGame/Prefabs/Entity/Building/Buil_DeliveryHub_Lv2.prefab.meta",161,meta
"Assets/AAAGame/Prefabs/Entity/Building/Buil_DeliveryHub_Lv3.prefab",14373,payload
"Assets/AAAGame/Prefabs/Entity/Building/Buil_DeliveryHub_Lv3.prefab.meta",161,meta
"Assets/AAAGame/Prefabs/Entity/Building/Buil_DreamPark_Lv1.prefab",20747,payload
"Assets/AAAGame/Prefabs/Entity/Building/Buil_DreamPark_Lv1.prefab.meta",161,meta
"Assets/AAAGame/Prefabs/Entity/Building/Buil_DreamPark_Lv2.prefab",20712,payload
"Assets/AAAGame/Prefabs/Entity/Building/Buil_DreamPark_Lv2.prefab.meta",161,meta
"Assets/AAAGame/Prefabs/Entity/Building/Buil_DreamPark_Lv3.prefab",20748,payload
"Assets/AAAGame/Prefabs/Entity/Building/Buil_DreamPark_Lv3.prefab.meta",161,meta
"Assets/AAAGame/Prefabs/Entity/Building/Buil_DrinkStand_Lv1.prefab",11231,payload
"Assets/AAAGame/Prefabs/Entity/Building/Buil_DrinkStand_Lv1.prefab.meta",161,meta
"Assets/AAAGame/Prefabs/Entity/Building/Buil_DrinkStand_Lv2.prefab",11204,payload
"Assets/AAAGame/Prefabs/Entity/Building/Buil_DrinkStand_Lv2.prefab.meta",161,meta
"Assets/AAAGame/Prefabs/Entity/Building/Buil_DrinkStand_Lv3.prefab",11224,payload
"Assets/AAAGame/Prefabs/Entity/Building/Buil_DrinkStand_Lv3.prefab.meta",161,meta
"Assets/AAAGame/Prefabs/Entity/Building/Buil_DutyRoom_Lv1.prefab",9604,payload
"Assets/AAAGame/Prefabs/Entity/Building/Buil_DutyRoom_Lv1.prefab.meta",161,meta
"Assets/AAAGame/Prefabs/Entity/Building/Buil_DutyRoom_Lv2.prefab",9604,payload
"Assets/AAAGame/Prefabs/Entity/Building/Buil_DutyRoom_Lv2.prefab.meta",161,meta
"Assets/AAAGame/Prefabs/Entity/Building/Buil_DutyRoom_Lv3.prefab",9604,payload
"Assets/AAAGame/Prefabs/Entity/Building/Buil_DutyRoom_Lv3.prefab.meta",161,meta
"Assets/AAAGame/Prefabs/Entity/Building/Buil_FarmBase_Lv1.prefab",12734,payload
"Assets/AAAGame/Prefabs/Entity/Building/Buil_FarmBase_Lv1.prefab.meta",161,meta
"Assets/AAAGame/Prefabs/Entity/Building/Buil_FarmBase_Lv2.prefab",12698,payload
"Assets/AAAGame/Prefabs/Entity/Building/Buil_FarmBase_Lv2.prefab.meta",161,meta
"Assets/AAAGame/Prefabs/Entity/Building/Buil_FarmBase_Lv3.prefab",12731,payload
"Assets/AAAGame/Prefabs/Entity/Building/Buil_FarmBase_Lv3.prefab.meta",161,meta
"Assets/AAAGame/Prefabs/Entity/Building/Buil_FireAcademy_Lv1.prefab",9607,payload
"Assets/AAAGame/Prefabs/Entity/Building/Buil_FireAcademy_Lv1.prefab.meta",161,meta
"Assets/AAAGame/Prefabs/Entity/Building/Buil_FireAcademy_Lv2.prefab",9607,payload
"Assets/AAAGame/Prefabs/Entity/Building/Buil_FireAcademy_Lv2.prefab.meta",161,meta
"Assets/AAAGame/Prefabs/Entity/Building/Buil_FireAcademy_Lv3.prefab",9607,payload
"Assets/AAAGame/Prefabs/Entity/Building/Buil_FireAcademy_Lv3.prefab.meta",161,meta
"Assets/AAAGame/Prefabs/Entity/Building/Buil_FireDrillSite_Lv1.prefab",9609,payload
"Assets/AAAGame/Prefabs/Entity/Building/Buil_FireDrillSite_Lv1.prefab.meta",161,meta
"Assets/AAAGame/Prefabs/Entity/Building/Buil_FireDrillSite_Lv2.prefab",9609,payload
"Assets/AAAGame/Prefabs/Entity/Building/Buil_FireDrillSite_Lv2.prefab.meta",161,meta
"Assets/AAAGame/Prefabs/Entity/Building/Buil_FireDrillSite_Lv3.prefab",9609,payload
"Assets/AAAGame/Prefabs/Entity/Building/Buil_FireDrillSite_Lv3.prefab.meta",161,meta
"Assets/AAAGame/Prefabs/Entity/Building/Buil_FireHQ_Lv1.prefab",9602,payload
"Assets/AAAGame/Prefabs/Entity/Building/Buil_FireHQ_Lv1.prefab.meta",161,meta
"Assets/AAAGame/Prefabs/Entity/Building/Buil_FireHQ_Lv2.prefab",9602,payload
"Assets/AAAGame/Prefabs/Entity/Building/Buil_FireHQ_Lv2.prefab.meta",161,meta
"Assets/AAAGame/Prefabs/Entity/Building/Buil_FireHQ_Lv3.prefab",9602,payload
"Assets/AAAGame/Prefabs/Entity/Building/Buil_FireHQ_Lv3.prefab.meta",161,meta
"Assets/AAAGame/Prefabs/Entity/Building/Buil_Fletcher_Lv1.prefab",9604,payload
"Assets/AAAGame/Prefabs/Entity/Building/Buil_Fletcher_Lv1.prefab.meta",161,meta
"Assets/AAAGame/Prefabs/Entity/Building/Buil_Fletcher_Lv2.prefab",9604,payload
"Assets/AAAGame/Prefabs/Entity/Building/Buil_Fletcher_Lv2.prefab.meta",161,meta
"Assets/AAAGame/Prefabs/Entity/Building/Buil_Fletcher_Lv3.prefab",9604,payload
"Assets/AAAGame/Prefabs/Entity/Building/Buil_Fletcher_Lv3.prefab.meta",161,meta
"Assets/AAAGame/Prefabs/Entity/Building/Buil_GiantMascot_Lv1.prefab",12803,payload
"Assets/AAAGame/Prefabs/Entity/Building/Buil_GiantMascot_Lv1.prefab.meta",161,meta
"Assets/AAAGame/Prefabs/Entity/Building/Buil_GiantMascot_Lv2.prefab",9607,payload
"Assets/AAAGame/Prefabs/Entity/Building/Buil_GiantMascot_Lv2.prefab.meta",161,meta
"Assets/AAAGame/Prefabs/Entity/Building/Buil_GiantMascot_Lv3.prefab",9607,payload
"Assets/AAAGame/Prefabs/Entity/Building/Buil_GiantMascot_Lv3.prefab.meta",161,meta
"Assets/AAAGame/Prefabs/Entity/Building/Buil_GreenhouseGarden_Lv1.prefab",9612,payload
"Assets/AAAGame/Prefabs/Entity/Building/Buil_GreenhouseGarden_Lv1.prefab.meta",161,meta
"Assets/AAAGame/Prefabs/Entity/Building/Buil_GreenhouseGarden_Lv2.prefab",9612,payload
"Assets/AAAGame/Prefabs/Entity/Building/Buil_GreenhouseGarden_Lv2.prefab.meta",161,meta
"Assets/AAAGame/Prefabs/Entity/Building/Buil_GreenhouseGarden_Lv3.prefab",9612,payload
"Assets/AAAGame/Prefabs/Entity/Building/Buil_GreenhouseGarden_Lv3.prefab.meta",161,meta
"Assets/AAAGame/Prefabs/Entity/Building/Buil_GuardBooth_Lv1.prefab",9606,payload
"Assets/AAAGame/Prefabs/Entity/Building/Buil_GuardBooth_Lv1.prefab.meta",161,meta
"Assets/AAAGame/Prefabs/Entity/Building/Buil_GuardBooth_Lv2.prefab",9606,payload
"Assets/AAAGame/Prefabs/Entity/Building/Buil_GuardBooth_Lv2.prefab.meta",161,meta
"Assets/AAAGame/Prefabs/Entity/Building/Buil_GuardBooth_Lv3.prefab",9606,payload
"Assets/AAAGame/Prefabs/Entity/Building/Buil_GuardBooth_Lv3.prefab.meta",161,meta
"Assets/AAAGame/Prefabs/Entity/Building/Buil_GunShop_Lv1.prefab",9603,payload
"Assets/AAAGame/Prefabs/Entity/Building/Buil_GunShop_Lv1.prefab.meta",161,meta
"Assets/AAAGame/Prefabs/Entity/Building/Buil_GunShop_Lv2.prefab",9603,payload
"Assets/AAAGame/Prefabs/Entity/Building/Buil_GunShop_Lv2.prefab.meta",161,meta
"Assets/AAAGame/Prefabs/Entity/Building/Buil_GunShop_Lv3.prefab",9603,payload
"Assets/AAAGame/Prefabs/Entity/Building/Buil_GunShop_Lv3.prefab.meta",161,meta
"Assets/AAAGame/Prefabs/Entity/Building/Buil_HarvestStation_Lv1.prefab",9610,payload
"Assets/AAAGame/Prefabs/Entity/Building/Buil_HarvestStation_Lv1.prefab.meta",161,meta
"Assets/AAAGame/Prefabs/Entity/Building/Buil_HarvestStation_Lv2.prefab",9610,payload
"Assets/AAAGame/Prefabs/Entity/Building/Buil_HarvestStation_Lv2.prefab.meta",161,meta
"Assets/AAAGame/Prefabs/Entity/Building/Buil_HarvestStation_Lv3.prefab",9610,payload
"Assets/AAAGame/Prefabs/Entity/Building/Buil_HarvestStation_Lv3.prefab.meta",161,meta
"Assets/AAAGame/Prefabs/Entity/Building/Buil_InsuranceOffice_Lv1.prefab",9611,payload
"Assets/AAAGame/Prefabs/Entity/Building/Buil_InsuranceOffice_Lv1.prefab.meta",161,meta
"Assets/AAAGame/Prefabs/Entity/Building/Buil_InsuranceOffice_Lv2.prefab",9611,payload
"Assets/AAAGame/Prefabs/Entity/Building/Buil_InsuranceOffice_Lv2.prefab.meta",161,meta
"Assets/AAAGame/Prefabs/Entity/Building/Buil_InsuranceOffice_Lv3.prefab",9611,payload
"Assets/AAAGame/Prefabs/Entity/Building/Buil_InsuranceOffice_Lv3.prefab.meta",161,meta
"Assets/AAAGame/Prefabs/Entity/Building/Buil_InterviewRoom_Lv1.prefab",11230,payload
"Assets/AAAGame/Prefabs/Entity/Building/Buil_InterviewRoom_Lv1.prefab.meta",161,meta
"Assets/AAAGame/Prefabs/Entity/Building/Buil_InterviewRoom_Lv2.prefab",11204,payload
"Assets/AAAGame/Prefabs/Entity/Building/Buil_InterviewRoom_Lv2.prefab.meta",161,meta
"Assets/AAAGame/Prefabs/Entity/Building/Buil_InterviewRoom_Lv3.prefab",11218,payload
"Assets/AAAGame/Prefabs/Entity/Building/Buil_InterviewRoom_Lv3.prefab.meta",161,meta
"Assets/AAAGame/Prefabs/Entity/Building/Buil_MeatRack_Lv1.prefab",9604,payload
"Assets/AAAGame/Prefabs/Entity/Building/Buil_MeatRack_Lv1.prefab.meta",161,meta
"Assets/AAAGame/Prefabs/Entity/Building/Buil_MeatRack_Lv2.prefab",9604,payload
"Assets/AAAGame/Prefabs/Entity/Building/Buil_MeatRack_Lv2.prefab.meta",161,meta
"Assets/AAAGame/Prefabs/Entity/Building/Buil_MeatRack_Lv3.prefab",9604,payload
"Assets/AAAGame/Prefabs/Entity/Building/Buil_MeatRack_Lv3.prefab.meta",161,meta
"Assets/AAAGame/Prefabs/Entity/Building/Buil_MeatStall_Lv1.prefab",12827,payload
"Assets/AAAGame/Prefabs/Entity/Building/Buil_MeatStall_Lv1.prefab.meta",161,meta
"Assets/AAAGame/Prefabs/Entity/Building/Buil_MeatStall_Lv2.prefab",12794,payload
"Assets/AAAGame/Prefabs/Entity/Building/Buil_MeatStall_Lv2.prefab.meta",161,meta
"Assets/AAAGame/Prefabs/Entity/Building/Buil_MeatStall_Lv3.prefab",12827,payload
"Assets/AAAGame/Prefabs/Entity/Building/Buil_MeatStall_Lv3.prefab.meta",161,meta
"Assets/AAAGame/Prefabs/Entity/Building/Buil_MiningRig_Lv1.prefab",9624,payload
"Assets/AAAGame/Prefabs/Entity/Building/Buil_MiningRig_Lv1.prefab.meta",161,meta
"Assets/AAAGame/Prefabs/Entity/Building/Buil_MiningRig_Lv2.prefab",9596,payload
"Assets/AAAGame/Prefabs/Entity/Building/Buil_MiningRig_Lv2.prefab.meta",161,meta
"Assets/AAAGame/Prefabs/Entity/Building/Buil_MiningRig_Lv3.prefab",9620,payload
"Assets/AAAGame/Prefabs/Entity/Building/Buil_MiningRig_Lv3.prefab.meta",161,meta
"Assets/AAAGame/Prefabs/Entity/Building/Buil_Monitor_Lv1.prefab",9603,payload
"Assets/AAAGame/Prefabs/Entity/Building/Buil_Monitor_Lv1.prefab.meta",161,meta
"Assets/AAAGame/Prefabs/Entity/Building/Buil_Monitor_Lv2.prefab",9603,payload
"Assets/AAAGame/Prefabs/Entity/Building/Buil_Monitor_Lv2.prefab.meta",161,meta
"Assets/AAAGame/Prefabs/Entity/Building/Buil_Monitor_Lv3.prefab",9603,payload
"Assets/AAAGame/Prefabs/Entity/Building/Buil_Monitor_Lv3.prefab.meta",161,meta
"Assets/AAAGame/Prefabs/Entity/Building/Buil_NavStation_Lv1.prefab",13611,payload
"Assets/AAAGame/Prefabs/Entity/Building/Buil_NavStation_Lv1.prefab.meta",161,meta
"Assets/AAAGame/Prefabs/Entity/Building/Buil_NavStation_Lv2.prefab",9606,payload
"Assets/AAAGame/Prefabs/Entity/Building/Buil_NavStation_Lv2.prefab.meta",161,meta
"Assets/AAAGame/Prefabs/Entity/Building/Buil_NavStation_Lv3.prefab",9606,payload
"Assets/AAAGame/Prefabs/Entity/Building/Buil_NavStation_Lv3.prefab.meta",161,meta
"Assets/AAAGame/Prefabs/Entity/Building/Buil_Nursery_Lv1.prefab",9603,payload
"Assets/AAAGame/Prefabs/Entity/Building/Buil_Nursery_Lv1.prefab.meta",161,meta
"Assets/AAAGame/Prefabs/Entity/Building/Buil_Nursery_Lv2.prefab",9603,payload
"Assets/AAAGame/Prefabs/Entity/Building/Buil_Nursery_Lv2.prefab.meta",161,meta
"Assets/AAAGame/Prefabs/Entity/Building/Buil_Nursery_Lv3.prefab",9603,payload
"Assets/AAAGame/Prefabs/Entity/Building/Buil_Nursery_Lv3.prefab.meta",161,meta
"Assets/AAAGame/Prefabs/Entity/Building/Buil_OperatingRoom_Lv1.prefab",9609,payload
"Assets/AAAGame/Prefabs/Entity/Building/Buil_OperatingRoom_Lv1.prefab.meta",161,meta
"Assets/AAAGame/Prefabs/Entity/Building/Buil_OperatingRoom_Lv2.prefab",9609,payload
"Assets/AAAGame/Prefabs/Entity/Building/Buil_OperatingRoom_Lv2.prefab.meta",161,meta
"Assets/AAAGame/Prefabs/Entity/Building/Buil_OperatingRoom_Lv3.prefab",9609,payload
"Assets/AAAGame/Prefabs/Entity/Building/Buil_OperatingRoom_Lv3.prefab.meta",161,meta
"Assets/AAAGame/Prefabs/Entity/Building/Buil_OtakuDesk_Lv1.prefab",9595,payload
"Assets/AAAGame/Prefabs/Entity/Building/Buil_OtakuDesk_Lv1.prefab.meta",161,meta
"Assets/AAAGame/Prefabs/Entity/Building/Buil_OtakuDesk_Lv2.prefab",9611,payload
"Assets/AAAGame/Prefabs/Entity/Building/Buil_OtakuDesk_Lv2.prefab.meta",161,meta
"Assets/AAAGame/Prefabs/Entity/Building/Buil_OtakuDesk_Lv3.prefab",9599,payload
"Assets/AAAGame/Prefabs/Entity/Building/Buil_OtakuDesk_Lv3.prefab.meta",161,meta
"Assets/AAAGame/Prefabs/Entity/Building/Buil_ParcelLocker_Lv1.prefab",9604,payload
"Assets/AAAGame/Prefabs/Entity/Building/Buil_ParcelLocker_Lv1.prefab.meta",161,meta
"Assets/AAAGame/Prefabs/Entity/Building/Buil_ParcelLocker_Lv2.prefab",12783,payload
"Assets/AAAGame/Prefabs/Entity/Building/Buil_ParcelLocker_Lv2.prefab.meta",161,meta
"Assets/AAAGame/Prefabs/Entity/Building/Buil_ParcelLocker_Lv3.prefab",11220,payload
"Assets/AAAGame/Prefabs/Entity/Building/Buil_ParcelLocker_Lv3.prefab.meta",161,meta
"Assets/AAAGame/Prefabs/Entity/Building/Buil_Pharmacy_Lv1.prefab",9604,payload
"Assets/AAAGame/Prefabs/Entity/Building/Buil_Pharmacy_Lv1.prefab.meta",161,meta
"Assets/AAAGame/Prefabs/Entity/Building/Buil_Pharmacy_Lv2.prefab",9604,payload
"Assets/AAAGame/Prefabs/Entity/Building/Buil_Pharmacy_Lv2.prefab.meta",161,meta
"Assets/AAAGame/Prefabs/Entity/Building/Buil_Pharmacy_Lv3.prefab",9604,payload
"Assets/AAAGame/Prefabs/Entity/Building/Buil_Pharmacy_Lv3.prefab.meta",161,meta
"Assets/AAAGame/Prefabs/Entity/Building/Buil_PickupPoint_Lv1.prefab",9637,payload
"Assets/AAAGame/Prefabs/Entity/Building/Buil_PickupPoint_Lv1.prefab.meta",161,meta
"Assets/AAAGame/Prefabs/Entity/Building/Buil_PickupPoint_Lv2.prefab",11222,payload
"Assets/AAAGame/Prefabs/Entity/Building/Buil_PickupPoint_Lv2.prefab.meta",161,meta
"Assets/AAAGame/Prefabs/Entity/Building/Buil_PickupPoint_Lv3.prefab",9610,payload
"Assets/AAAGame/Prefabs/Entity/Building/Buil_PickupPoint_Lv3.prefab.meta",161,meta
"Assets/AAAGame/Prefabs/Entity/Building/Buil_Prod_Lv0.prefab",13981,payload
"Assets/AAAGame/Prefabs/Entity/Building/Buil_Prod_Lv0.prefab.meta",161,meta
"Assets/AAAGame/Prefabs/Entity/Building/Buil_PumpStation_Lv1.prefab",9607,payload
"Assets/AAAGame/Prefabs/Entity/Building/Buil_PumpStation_Lv1.prefab.meta",161,meta
"Assets/AAAGame/Prefabs/Entity/Building/Buil_PumpStation_Lv2.prefab",9607,payload
"Assets/AAAGame/Prefabs/Entity/Building/Buil_PumpStation_Lv2.prefab.meta",161,meta
"Assets/AAAGame/Prefabs/Entity/Building/Buil_PumpStation_Lv3.prefab",9607,payload
"Assets/AAAGame/Prefabs/Entity/Building/Buil_PumpStation_Lv3.prefab.meta",161,meta
"Assets/AAAGame/Prefabs/Entity/Building/Buil_QualityCheck_Lv1.prefab",14409,payload
"Assets/AAAGame/Prefabs/Entity/Building/Buil_QualityCheck_Lv1.prefab.meta",161,meta
"Assets/AAAGame/Prefabs/Entity/Building/Buil_QualityCheck_Lv2.prefab",9608,payload
"Assets/AAAGame/Prefabs/Entity/Building/Buil_QualityCheck_Lv2.prefab.meta",161,meta
"Assets/AAAGame/Prefabs/Entity/Building/Buil_QualityCheck_Lv3.prefab",9608,payload
"Assets/AAAGame/Prefabs/Entity/Building/Buil_QualityCheck_Lv3.prefab.meta",161,meta
"Assets/AAAGame/Prefabs/Entity/Building/Buil_Radiology_Lv1.prefab",9605,payload
"Assets/AAAGame/Prefabs/Entity/Building/Buil_Radiology_Lv1.prefab.meta",161,meta
"Assets/AAAGame/Prefabs/Entity/Building/Buil_Radiology_Lv2.prefab",9605,payload
"Assets/AAAGame/Prefabs/Entity/Building/Buil_Radiology_Lv2.prefab.meta",161,meta
"Assets/AAAGame/Prefabs/Entity/Building/Buil_Radiology_Lv3.prefab",9605,payload
"Assets/AAAGame/Prefabs/Entity/Building/Buil_Radiology_Lv3.prefab.meta",161,meta
"Assets/AAAGame/Prefabs/Entity/Building/Buil_ReceptionDesk_Lv1.prefab",9609,payload
"Assets/AAAGame/Prefabs/Entity/Building/Buil_ReceptionDesk_Lv1.prefab.meta",161,meta
"Assets/AAAGame/Prefabs/Entity/Building/Buil_ReceptionDesk_Lv2.prefab",9609,payload
"Assets/AAAGame/Prefabs/Entity/Building/Buil_ReceptionDesk_Lv2.prefab.meta",161,meta
"Assets/AAAGame/Prefabs/Entity/Building/Buil_ReceptionDesk_Lv3.prefab",9609,payload
"Assets/AAAGame/Prefabs/Entity/Building/Buil_ReceptionDesk_Lv3.prefab.meta",161,meta
"Assets/AAAGame/Prefabs/Entity/Building/Buil_ResearchCenter_Lv1.prefab",14364,payload
"Assets/AAAGame/Prefabs/Entity/Building/Buil_ResearchCenter_Lv1.prefab.meta",161,meta
"Assets/AAAGame/Prefabs/Entity/Building/Buil_ResearchCenter_Lv2.prefab",14364,payload
"Assets/AAAGame/Prefabs/Entity/Building/Buil_ResearchCenter_Lv2.prefab.meta",161,meta
"Assets/AAAGame/Prefabs/Entity/Building/Buil_ResearchCenter_Lv3.prefab",14383,payload
"Assets/AAAGame/Prefabs/Entity/Building/Buil_ResearchCenter_Lv3.prefab.meta",161,meta
"Assets/AAAGame/Prefabs/Entity/Building/Buil_Restroom_Lv1.prefab",9604,payload
"Assets/AAAGame/Prefabs/Entity/Building/Buil_Restroom_Lv1.prefab.meta",161,meta
"Assets/AAAGame/Prefabs/Entity/Building/Buil_Restroom_Lv2.prefab",9604,payload
"Assets/AAAGame/Prefabs/Entity/Building/Buil_Restroom_Lv2.prefab.meta",161,meta
"Assets/AAAGame/Prefabs/Entity/Building/Buil_Restroom_Lv3.prefab",9604,payload
"Assets/AAAGame/Prefabs/Entity/Building/Buil_Restroom_Lv3.prefab.meta",161,meta
"Assets/AAAGame/Prefabs/Entity/Building/Buil_RoseBush_Lv1.prefab",9604,payload
"Assets/AAAGame/Prefabs/Entity/Building/Buil_RoseBush_Lv1.prefab.meta",161,meta
"Assets/AAAGame/Prefabs/Entity/Building/Buil_RoseBush_Lv2.prefab",9604,payload
"Assets/AAAGame/Prefabs/Entity/Building/Buil_RoseBush_Lv2.prefab.meta",161,meta
"Assets/AAAGame/Prefabs/Entity/Building/Buil_RoseBush_Lv3.prefab",9604,payload
"Assets/AAAGame/Prefabs/Entity/Building/Buil_RoseBush_Lv3.prefab.meta",161,meta
"Assets/AAAGame/Prefabs/Entity/Building/Buil_SecurityOffice_Lv1.prefab",9610,payload
"Assets/AAAGame/Prefabs/Entity/Building/Buil_SecurityOffice_Lv1.prefab.meta",161,meta
"Assets/AAAGame/Prefabs/Entity/Building/Buil_SecurityOffice_Lv2.prefab",9610,payload
"Assets/AAAGame/Prefabs/Entity/Building/Buil_SecurityOffice_Lv2.prefab.meta",161,meta
"Assets/AAAGame/Prefabs/Entity/Building/Buil_SecurityOffice_Lv3.prefab",9610,payload
"Assets/AAAGame/Prefabs/Entity/Building/Buil_SecurityOffice_Lv3.prefab.meta",161,meta
"Assets/AAAGame/Prefabs/Entity/Building/Buil_ServerRoom_Lv1.prefab",15991,payload
"Assets/AAAGame/Prefabs/Entity/Building/Buil_ServerRoom_Lv1.prefab.meta",161,meta
"Assets/AAAGame/Prefabs/Entity/Building/Buil_ServerRoom_Lv2.prefab",9606,payload
"Assets/AAAGame/Prefabs/Entity/Building/Buil_ServerRoom_Lv2.prefab.meta",161,meta
"Assets/AAAGame/Prefabs/Entity/Building/Buil_ServerRoom_Lv3.prefab",9606,payload
"Assets/AAAGame/Prefabs/Entity/Building/Buil_ServerRoom_Lv3.prefab.meta",161,meta
"Assets/AAAGame/Prefabs/Entity/Building/Buil_ServiceDesk_Lv1.prefab",9607,payload
"Assets/AAAGame/Prefabs/Entity/Building/Buil_ServiceDesk_Lv1.prefab.meta",161,meta
"Assets/AAAGame/Prefabs/Entity/Building/Buil_ServiceDesk_Lv2.prefab",9607,payload
"Assets/AAAGame/Prefabs/Entity/Building/Buil_ServiceDesk_Lv2.prefab.meta",161,meta
"Assets/AAAGame/Prefabs/Entity/Building/Buil_ServiceDesk_Lv3.prefab",9607,payload
"Assets/AAAGame/Prefabs/Entity/Building/Buil_ServiceDesk_Lv3.prefab.meta",161,meta
"Assets/AAAGame/Prefabs/Entity/Building/Buil_ShearsRack_Lv1.prefab",9606,payload
"Assets/AAAGame/Prefabs/Entity/Building/Buil_ShearsRack_Lv1.prefab.meta",161,meta
"Assets/AAAGame/Prefabs/Entity/Building/Buil_ShearsRack_Lv2.prefab",9606,payload
"Assets/AAAGame/Prefabs/Entity/Building/Buil_ShearsRack_Lv2.prefab.meta",161,meta
"Assets/AAAGame/Prefabs/Entity/Building/Buil_ShearsRack_Lv3.prefab",9606,payload
"Assets/AAAGame/Prefabs/Entity/Building/Buil_ShearsRack_Lv3.prefab.meta",161,meta
"Assets/AAAGame/Prefabs/Entity/Building/Buil_Slaughterhouse_Lv1.prefab",15998,payload
"Assets/AAAGame/Prefabs/Entity/Building/Buil_Slaughterhouse_Lv1.prefab.meta",161,meta
"Assets/AAAGame/Prefabs/Entity/Building/Buil_Slaughterhouse_Lv2.prefab",15931,payload
"Assets/AAAGame/Prefabs/Entity/Building/Buil_Slaughterhouse_Lv2.prefab.meta",161,meta
"Assets/AAAGame/Prefabs/Entity/Building/Buil_Slaughterhouse_Lv3.prefab",15992,payload
"Assets/AAAGame/Prefabs/Entity/Building/Buil_Slaughterhouse_Lv3.prefab.meta",161,meta
"Assets/AAAGame/Prefabs/Entity/Building/Buil_SortingCenter_Lv1.prefab",15567,payload
"Assets/AAAGame/Prefabs/Entity/Building/Buil_SortingCenter_Lv1.prefab.meta",161,meta
"Assets/AAAGame/Prefabs/Entity/Building/Buil_SortingCenter_Lv2.prefab",12801,payload
"Assets/AAAGame/Prefabs/Entity/Building/Buil_SortingCenter_Lv2.prefab.meta",161,meta
"Assets/AAAGame/Prefabs/Entity/Building/Buil_SortingCenter_Lv3.prefab",12802,payload
"Assets/AAAGame/Prefabs/Entity/Building/Buil_SortingCenter_Lv3.prefab.meta",161,meta
"Assets/AAAGame/Prefabs/Entity/Building/Buil_SortingTable_Lv1.prefab",9608,payload
"Assets/AAAGame/Prefabs/Entity/Building/Buil_SortingTable_Lv1.prefab.meta",161,meta
"Assets/AAAGame/Prefabs/Entity/Building/Buil_SortingTable_Lv2.prefab",9608,payload
"Assets/AAAGame/Prefabs/Entity/Building/Buil_SortingTable_Lv2.prefab.meta",161,meta
"Assets/AAAGame/Prefabs/Entity/Building/Buil_SortingTable_Lv3.prefab",9608,payload
"Assets/AAAGame/Prefabs/Entity/Building/Buil_SortingTable_Lv3.prefab.meta",161,meta
"Assets/AAAGame/Prefabs/Entity/Building/Buil_SouthernMoon_Lv1.prefab",9608,payload
"Assets/AAAGame/Prefabs/Entity/Building/Buil_SouthernMoon_Lv1.prefab.meta",161,meta
"Assets/AAAGame/Prefabs/Entity/Building/Buil_SouthernMoon_Lv2.prefab",9608,payload
"Assets/AAAGame/Prefabs/Entity/Building/Buil_SouthernMoon_Lv2.prefab.meta",161,meta
"Assets/AAAGame/Prefabs/Entity/Building/Buil_SouthernMoon_Lv3.prefab",9608,payload
"Assets/AAAGame/Prefabs/Entity/Building/Buil_SouthernMoon_Lv3.prefab.meta",161,meta
"Assets/AAAGame/Prefabs/Entity/Building/Buil_SouvenirStand_Lv1.prefab",14411,payload
"Assets/AAAGame/Prefabs/Entity/Building/Buil_SouvenirStand_Lv1.prefab.meta",161,meta
"Assets/AAAGame/Prefabs/Entity/Building/Buil_SouvenirStand_Lv2.prefab",14388,payload
"Assets/AAAGame/Prefabs/Entity/Building/Buil_SouvenirStand_Lv2.prefab.meta",161,meta
"Assets/AAAGame/Prefabs/Entity/Building/Buil_SouvenirStand_Lv3.prefab",14407,payload
"Assets/AAAGame/Prefabs/Entity/Building/Buil_SouvenirStand_Lv3.prefab.meta",161,meta
"Assets/AAAGame/Prefabs/Entity/Building/Buil_SprinklerHead_Lv1.prefab",9609,payload
"Assets/AAAGame/Prefabs/Entity/Building/Buil_SprinklerHead_Lv1.prefab.meta",161,meta
"Assets/AAAGame/Prefabs/Entity/Building/Buil_SprinklerHead_Lv2.prefab",9609,payload
"Assets/AAAGame/Prefabs/Entity/Building/Buil_SprinklerHead_Lv2.prefab.meta",161,meta
"Assets/AAAGame/Prefabs/Entity/Building/Buil_SprinklerHead_Lv3.prefab",9609,payload
"Assets/AAAGame/Prefabs/Entity/Building/Buil_SprinklerHead_Lv3.prefab.meta",161,meta
"Assets/AAAGame/Prefabs/Entity/Building/Buil_SurveillanceRoom_Lv1.prefab",9612,payload
"Assets/AAAGame/Prefabs/Entity/Building/Buil_SurveillanceRoom_Lv1.prefab.meta",161,meta
"Assets/AAAGame/Prefabs/Entity/Building/Buil_SurveillanceRoom_Lv2.prefab",9612,payload
"Assets/AAAGame/Prefabs/Entity/Building/Buil_SurveillanceRoom_Lv2.prefab.meta",161,meta
"Assets/AAAGame/Prefabs/Entity/Building/Buil_SurveillanceRoom_Lv3.prefab",9612,payload
"Assets/AAAGame/Prefabs/Entity/Building/Buil_SurveillanceRoom_Lv3.prefab.meta",161,meta
"Assets/AAAGame/Prefabs/Entity/Building/Buil_SwallowNest_Lv1.prefab",9607,payload
"Assets/AAAGame/Prefabs/Entity/Building/Buil_SwallowNest_Lv1.prefab.meta",161,meta
"Assets/AAAGame/Prefabs/Entity/Building/Buil_SwallowNest_Lv2.prefab",9607,payload
"Assets/AAAGame/Prefabs/Entity/Building/Buil_SwallowNest_Lv2.prefab.meta",161,meta
"Assets/AAAGame/Prefabs/Entity/Building/Buil_SwallowNest_Lv3.prefab",9607,payload
"Assets/AAAGame/Prefabs/Entity/Building/Buil_SwallowNest_Lv3.prefab.meta",161,meta
"Assets/AAAGame/Prefabs/Entity/Building/Buil_Tech_Lv0.prefab",23575,payload
"Assets/AAAGame/Prefabs/Entity/Building/Buil_Tech_Lv0.prefab.meta",161,meta
"Assets/AAAGame/Prefabs/Entity/Building/Buil_ThrowingCircle_Lv1.prefab",9610,payload
"Assets/AAAGame/Prefabs/Entity/Building/Buil_ThrowingCircle_Lv1.prefab.meta",161,meta
"Assets/AAAGame/Prefabs/Entity/Building/Buil_ThrowingCircle_Lv2.prefab",9610,payload
"Assets/AAAGame/Prefabs/Entity/Building/Buil_ThrowingCircle_Lv2.prefab.meta",161,meta
"Assets/AAAGame/Prefabs/Entity/Building/Buil_ThrowingCircle_Lv3.prefab",9610,payload
"Assets/AAAGame/Prefabs/Entity/Building/Buil_ThrowingCircle_Lv3.prefab.meta",161,meta
"Assets/AAAGame/Prefabs/Entity/Building/Buil_TicketBooth_Lv1.prefab",9607,payload
"Assets/AAAGame/Prefabs/Entity/Building/Buil_TicketBooth_Lv1.prefab.meta",161,meta
"Assets/AAAGame/Prefabs/Entity/Building/Buil_TicketBooth_Lv2.prefab",9607,payload
"Assets/AAAGame/Prefabs/Entity/Building/Buil_TicketBooth_Lv2.prefab.meta",161,meta
"Assets/AAAGame/Prefabs/Entity/Building/Buil_TicketBooth_Lv3.prefab",9607,payload
"Assets/AAAGame/Prefabs/Entity/Building/Buil_TicketBooth_Lv3.prefab.meta",161,meta
"Assets/AAAGame/Prefabs/Entity/Building/Buil_TopHospital_Lv1.prefab",9607,payload
"Assets/AAAGame/Prefabs/Entity/Building/Buil_TopHospital_Lv1.prefab.meta",161,meta
"Assets/AAAGame/Prefabs/Entity/Building/Buil_TopHospital_Lv2.prefab",9607,payload
"Assets/AAAGame/Prefabs/Entity/Building/Buil_TopHospital_Lv2.prefab.meta",161,meta
"Assets/AAAGame/Prefabs/Entity/Building/Buil_TopHospital_Lv3.prefab",9607,payload
"Assets/AAAGame/Prefabs/Entity/Building/Buil_TopHospital_Lv3.prefab.meta",161,meta
"Assets/AAAGame/Prefabs/Entity/Building/Buil_Track_Lv1.prefab",9601,payload
"Assets/AAAGame/Prefabs/Entity/Building/Buil_Track_Lv1.prefab.meta",161,meta
"Assets/AAAGame/Prefabs/Entity/Building/Buil_Track_Lv2.prefab",9601,payload
"Assets/AAAGame/Prefabs/Entity/Building/Buil_Track_Lv2.prefab.meta",161,meta
"Assets/AAAGame/Prefabs/Entity/Building/Buil_Track_Lv3.prefab",9601,payload
"Assets/AAAGame/Prefabs/Entity/Building/Buil_Track_Lv3.prefab.meta",161,meta
"Assets/AAAGame/Prefabs/Entity/Building/Buil_TrainingRoom_Lv1.prefab",9608,payload
"Assets/AAAGame/Prefabs/Entity/Building/Buil_TrainingRoom_Lv1.prefab.meta",161,meta
"Assets/AAAGame/Prefabs/Entity/Building/Buil_TrainingRoom_Lv2.prefab",9608,payload
"Assets/AAAGame/Prefabs/Entity/Building/Buil_TrainingRoom_Lv2.prefab.meta",161,meta
"Assets/AAAGame/Prefabs/Entity/Building/Buil_TrainingRoom_Lv3.prefab",9608,payload
"Assets/AAAGame/Prefabs/Entity/Building/Buil_TrainingRoom_Lv3.prefab.meta",161,meta
"Assets/AAAGame/Prefabs/Entity/Building/Buil_Trap_Lv1.prefab",9600,payload
"Assets/AAAGame/Prefabs/Entity/Building/Buil_Trap_Lv1.prefab.meta",161,meta
"Assets/AAAGame/Prefabs/Entity/Building/Buil_Trap_Lv2.prefab",9600,payload
"Assets/AAAGame/Prefabs/Entity/Building/Buil_Trap_Lv2.prefab.meta",161,meta
"Assets/AAAGame/Prefabs/Entity/Building/Buil_Trap_Lv3.prefab",9600,payload
"Assets/AAAGame/Prefabs/Entity/Building/Buil_Trap_Lv3.prefab.meta",161,meta
"Assets/AAAGame/Prefabs/Entity/Building/Buil_TrophyRack_Lv1.prefab",9606,payload
"Assets/AAAGame/Prefabs/Entity/Building/Buil_TrophyRack_Lv1.prefab.meta",161,meta
"Assets/AAAGame/Prefabs/Entity/Building/Buil_TrophyRack_Lv2.prefab",9606,payload
"Assets/AAAGame/Prefabs/Entity/Building/Buil_TrophyRack_Lv2.prefab.meta",161,meta
"Assets/AAAGame/Prefabs/Entity/Building/Buil_TrophyRack_Lv3.prefab",9606,payload
"Assets/AAAGame/Prefabs/Entity/Building/Buil_TrophyRack_Lv3.prefab.meta",161,meta
"Assets/AAAGame/Prefabs/Entity/Building/Buil_VendingMachine_Lv1.prefab",9610,payload
"Assets/AAAGame/Prefabs/Entity/Building/Buil_VendingMachine_Lv1.prefab.meta",161,meta
"Assets/AAAGame/Prefabs/Entity/Building/Buil_VendingMachine_Lv2.prefab",9610,payload
"Assets/AAAGame/Prefabs/Entity/Building/Buil_VendingMachine_Lv2.prefab.meta",161,meta
"Assets/AAAGame/Prefabs/Entity/Building/Buil_VendingMachine_Lv3.prefab",9610,payload
"Assets/AAAGame/Prefabs/Entity/Building/Buil_VendingMachine_Lv3.prefab.meta",161,meta
"Assets/AAAGame/Prefabs/Entity/Building/Buil_Ward_Lv1.prefab",9600,payload
"Assets/AAAGame/Prefabs/Entity/Building/Buil_Ward_Lv1.prefab.meta",161,meta
"Assets/AAAGame/Prefabs/Entity/Building/Buil_Ward_Lv2.prefab",9600,payload
"Assets/AAAGame/Prefabs/Entity/Building/Buil_Ward_Lv2.prefab.meta",161,meta
"Assets/AAAGame/Prefabs/Entity/Building/Buil_Ward_Lv3.prefab",9600,payload
"Assets/AAAGame/Prefabs/Entity/Building/Buil_Ward_Lv3.prefab.meta",161,meta
"Assets/AAAGame/Prefabs/Entity/Building/Buil_Watchtower_Lv1.prefab",9606,payload
"Assets/AAAGame/Prefabs/Entity/Building/Buil_Watchtower_Lv1.prefab.meta",161,meta
"Assets/AAAGame/Prefabs/Entity/Building/Buil_Watchtower_Lv2.prefab",9606,payload
"Assets/AAAGame/Prefabs/Entity/Building/Buil_Watchtower_Lv2.prefab.meta",161,meta
"Assets/AAAGame/Prefabs/Entity/Building/Buil_Watchtower_Lv3.prefab",9606,payload
"Assets/AAAGame/Prefabs/Entity/Building/Buil_Watchtower_Lv3.prefab.meta",161,meta
"Assets/AAAGame/Prefabs/Entity/Building/Buil_WildernessCamp_Lv1.prefab",9610,payload
"Assets/AAAGame/Prefabs/Entity/Building/Buil_WildernessCamp_Lv1.prefab.meta",161,meta
"Assets/AAAGame/Prefabs/Entity/Building/Buil_WildernessCamp_Lv2.prefab",9610,payload
"Assets/AAAGame/Prefabs/Entity/Building/Buil_WildernessCamp_Lv2.prefab.meta",161,meta
"Assets/AAAGame/Prefabs/Entity/Building/Buil_WildernessCamp_Lv3.prefab",9610,payload
"Assets/AAAGame/Prefabs/Entity/Building/Buil_WildernessCamp_Lv3.prefab.meta",161,meta
"Assets/AAAGame/Prefabs/Entity/Level/Level_1.prefab",135205,payload
"Assets/AAAGame/Prefabs/Entity/Level/Level_1.prefab.meta",161,meta
"Assets/AAAGame/Prefabs/Entity/Level/Level_2.prefab",130299,payload
"Assets/AAAGame/Prefabs/Entity/Level/Level_2.prefab.meta",161,meta
"Assets/AAAGame/Prefabs/Entity/Level/Level_3.prefab",208602,payload
"Assets/AAAGame/Prefabs/Entity/Level/Level_3.prefab.meta",161,meta
"Assets/AAAGame/Prefabs/Entity/Level/LvTest.prefab",142382,payload
"Assets/AAAGame/Prefabs/Entity/Level/LvTest.prefab.meta",161,meta
"Assets/AAAGame/Scene/ModelView.unity",31253,payload
"Assets/AAAGame/Scene/ModelView.unity.meta",162,meta
"Assets/AAAGame/Scripts/ActionSystem.meta",180,meta
"Assets/AAAGame/Scripts/ActionSystem/BasicAction.cs",4428,payload
"Assets/AAAGame/Scripts/ActionSystem/BasicAction.cs.meta",254,meta
"Assets/AAAGame/Scripts/ActionSystem/PositionSelectAction.cs",3781,payload
"Assets/AAAGame/Scripts/ActionSystem/PositionSelectAction.cs.meta",254,meta
"Assets/AAAGame/Scripts/ActionSystem/Selection.meta",180,meta
"Assets/AAAGame/Scripts/ActionSystem/Selection/CylinderTargetSelector.cs",1032,payload
"Assets/AAAGame/Scripts/ActionSystem/Selection/CylinderTargetSelector.cs.meta",85,meta
"Assets/AAAGame/Scripts/ActionSystem/Selection/ISelectable.cs",129,payload
"Assets/AAAGame/Scripts/ActionSystem/Selection/ISelectable.cs.meta",85,meta
"Assets/AAAGame/Scripts/ActionSystem/Selection/ISelector.cs",434,payload
"Assets/AAAGame/Scripts/ActionSystem/Selection/ISelector.cs.meta",254,meta
"Assets/AAAGame/Scripts/ActionSystem/Selection/TargetableSelector.cs",5725,payload
"Assets/AAAGame/Scripts/ActionSystem/Selection/TargetableSelector.cs.meta",254,meta
"Assets/AAAGame/Scripts/Audio.meta",180,meta
"Assets/AAAGame/Scripts/Audio/AudioCategory.cs",120,payload
"Assets/AAAGame/Scripts/Audio/AudioCategory.cs.meta",254,meta
"Assets/AAAGame/Scripts/Audio/AudioCue.cs",1040,payload
"Assets/AAAGame/Scripts/Audio/AudioCue.cs.meta",254,meta
"Assets/AAAGame/Scripts/Audio/AudioCueLibrary.cs",1278,payload
"Assets/AAAGame/Scripts/Audio/AudioCueLibrary.cs.meta",254,meta
"Assets/AAAGame/Scripts/Audio/AudioHandle.cs",220,payload
"Assets/AAAGame/Scripts/Audio/AudioHandle.cs.meta",254,meta
"Assets/AAAGame/Scripts/Audio/AudioManager.cs",12011,payload
"Assets/AAAGame/Scripts/Audio/AudioManager.cs.meta",254,meta
"Assets/AAAGame/Scripts/Audio/SceneAudioBinder.cs",596,payload
"Assets/AAAGame/Scripts/Audio/SceneAudioBinder.cs.meta",254,meta
"Assets/AAAGame/Scripts/Audio/UnitMovementSound.cs",4439,payload
"Assets/AAAGame/Scripts/Audio/UnitMovementSound.cs.meta",254,meta
"Assets/AAAGame/Scripts/Audio/VolumeSliderBinding.cs",3,payload
"Assets/AAAGame/Scripts/Audio/VolumeSliderBinding.cs.meta",254,meta
"Assets/AAAGame/Scripts/BehaviorTree.meta",180,meta
"Assets/AAAGame/Scripts/BehaviorTree/AbstractNode.cs",1166,payload
"Assets/AAAGame/Scripts/BehaviorTree/AbstractNode.cs.meta",254,meta
"Assets/AAAGame/Scripts/BehaviorTree/BasicEnemyContext.cs",474,payload
"Assets/AAAGame/Scripts/BehaviorTree/BasicEnemyContext.cs.meta",85,meta
"Assets/AAAGame/Scripts/BehaviorTree/BehaviorTreeGraph.cs",1160,payload
"Assets/AAAGame/Scripts/BehaviorTree/BehaviorTreeGraph.cs.meta",85,meta
"Assets/AAAGame/Scripts/BehaviorTree/BTContext.cs",60,payload
"Assets/AAAGame/Scripts/BehaviorTree/BTContext.cs.meta",85,meta
"Assets/AAAGame/Scripts/BehaviorTree/Editor.meta",180,meta
"Assets/AAAGame/Scripts/BehaviorTree/Editor/AAAGame.BehaviorTree.Editor.asmdef",451,payload
"Assets/AAAGame/Scripts/BehaviorTree/Editor/AAAGame.BehaviorTree.Editor.asmdef.meta",173,meta
"Assets/AAAGame/Scripts/BehaviorTree/Editor/BehaviorTreeEditorWindow.cs",30668,payload
"Assets/AAAGame/Scripts/BehaviorTree/Editor/BehaviorTreeEditorWindow.cs.meta",254,meta
"Assets/AAAGame/Scripts/BehaviorTree/Editor/BehaviorTreeGraphEditor.cs",685,payload
"Assets/AAAGame/Scripts/BehaviorTree/Editor/BehaviorTreeGraphEditor.cs.meta",254,meta
"Assets/AAAGame/Scripts/BehaviorTree/Node.meta",180,meta
"Assets/AAAGame/Scripts/BehaviorTree/Node/CheckHealthNode.cs",842,payload
"Assets/AAAGame/Scripts/BehaviorTree/Node/CheckHealthNode.cs.meta",254,meta
"Assets/AAAGame/Scripts/BehaviorTree/Node/CheckPriorityNode.cs",519,payload
"Assets/AAAGame/Scripts/BehaviorTree/Node/CheckPriorityNode.cs.meta",254,meta
"Assets/AAAGame/Scripts/BehaviorTree/Node/SetMessageNode.cs",487,payload
"Assets/AAAGame/Scripts/BehaviorTree/Node/SetMessageNode.cs.meta",254,meta
"Assets/AAAGame/Scripts/BehaviorTree/NodeView.cs",1463,payload
"Assets/AAAGame/Scripts/BehaviorTree/NodeView.cs.meta",254,meta
"Assets/AAAGame/Scripts/BehaviorTree/PortView.cs",2811,payload
"Assets/AAAGame/Scripts/BehaviorTree/PortView.cs.meta",254,meta
"Assets/AAAGame/Scripts/BehaviorTree/RequireContextAttribute.cs",265,payload
"Assets/AAAGame/Scripts/BehaviorTree/RequireContextAttribute.cs.meta",85,meta
"Assets/AAAGame/Scripts/BehaviorTree/RootNode.cs",236,payload
"Assets/AAAGame/Scripts/BehaviorTree/RootNode.cs.meta",85,meta
"Assets/AAAGame/Scripts/BehaviorTree/SelectorNode.cs",435,payload
"Assets/AAAGame/Scripts/BehaviorTree/SelectorNode.cs.meta",85,meta
"Assets/AAAGame/Scripts/BehaviorTree/SequenceNode.cs",435,payload
"Assets/AAAGame/Scripts/BehaviorTree/SequenceNode.cs.meta",85,meta
"Assets/AAAGame/Scripts/BehaviorTreeTest.cs",2041,payload
"Assets/AAAGame/Scripts/BehaviorTreeTest.cs.meta",254,meta
"Assets/AAAGame/Scripts/Buff.meta",180,meta
"Assets/AAAGame/Scripts/Buff/AttackSpeedBonusBuff.cs",1723,payload
"Assets/AAAGame/Scripts/Buff/AttackSpeedBonusBuff.cs.meta",254,meta
"Assets/AAAGame/Scripts/Buff/BuffCallback.cs",25340,payload
"Assets/AAAGame/Scripts/Buff/BuffCallback.cs.meta",254,meta
"Assets/AAAGame/Scripts/Buff/BuffData.cs",2888,payload
"Assets/AAAGame/Scripts/Buff/BuffData.cs.meta",254,meta
"Assets/AAAGame/Scripts/Buff/BuffManager.cs",6907,payload
"Assets/AAAGame/Scripts/Buff/BuffManager.cs.meta",254,meta
"Assets/AAAGame/Scripts/Buff/BuildingCaptureInvincibleBuff.cs",1187,payload
"Assets/AAAGame/Scripts/Buff/BuildingCaptureInvincibleBuff.cs.meta",254,meta
"Assets/AAAGame/Scripts/Buff/BuildingCombatBuffs.cs",29596,payload
"Assets/AAAGame/Scripts/Buff/BuildingCombatBuffs.cs.meta",254,meta
"Assets/AAAGame/Scripts/Buff/BuildingLv0InvincibleBuff.cs",1359,payload
"Assets/AAAGame/Scripts/Buff/BuildingLv0InvincibleBuff.cs.meta",254,meta
"Assets/AAAGame/Scripts/Buff/BuildingPhaseGuardBuff.cs",3190,payload
"Assets/AAAGame/Scripts/Buff/BuildingPhaseGuardBuff.cs.meta",254,meta
"Assets/AAAGame/Scripts/Buff/BuildingProduction.meta",180,meta
"Assets/AAAGame/Scripts/Buff/ConditionalLowHpDamageBonusBuff.cs",1490,payload
"Assets/AAAGame/Scripts/Buff/ConditionalLowHpDamageBonusBuff.cs.meta",254,meta
"Assets/AAAGame/Scripts/Buff/FixedMoveSpeedOverrideBuff.cs",1903,payload
"Assets/AAAGame/Scripts/Buff/FixedMoveSpeedOverrideBuff.cs.meta",254,meta
"Assets/AAAGame/Scripts/Buff/FlatAttackBonusBuff.cs",1064,payload
"Assets/AAAGame/Scripts/Buff/FlatAttackBonusBuff.cs.meta",254,meta
"Assets/AAAGame/Scripts/Buff/FlatDefBonusBuff.cs",1071,payload
"Assets/AAAGame/Scripts/Buff/FlatDefBonusBuff.cs.meta",254,meta
"Assets/AAAGame/Scripts/Buff/FlatHealthBonusBuff.cs",1131,payload
"Assets/AAAGame/Scripts/Buff/FlatHealthBonusBuff.cs.meta",254,meta
"Assets/AAAGame/Scripts/Buff/GlobalBuffManager.cs",41475,payload
"Assets/AAAGame/Scripts/Buff/GlobalBuffManager.cs.meta",254,meta
"Assets/AAAGame/Scripts/Buff/HealOverTimeBuff.cs",2824,payload
"Assets/AAAGame/Scripts/Buff/HealOverTimeBuff.cs.meta",254,meta
"Assets/AAAGame/Scripts/Buff/HeroGhostBuff.cs",1124,payload
"Assets/AAAGame/Scripts/Buff/HeroGhostBuff.cs.meta",254,meta
"Assets/AAAGame/Scripts/Buff/InvincibleStateBuff.cs",272,payload
"Assets/AAAGame/Scripts/Buff/InvincibleStateBuff.cs.meta",254,meta
"Assets/AAAGame/Scripts/Buff/LevelTagRuntimeBuffs.cs",7285,payload
"Assets/AAAGame/Scripts/Buff/LevelTagRuntimeBuffs.cs.meta",254,meta
"Assets/AAAGame/Scripts/Buff/LifetimeDeltaBuff.cs",2083,payload
"Assets/AAAGame/Scripts/Buff/LifetimeDeltaBuff.cs.meta",254,meta
"Assets/AAAGame/Scripts/Buff/LifetimePercentBuff.cs",2105,payload
"Assets/AAAGame/Scripts/Buff/LifetimePercentBuff.cs.meta",254,meta
"Assets/AAAGame/Scripts/Buff/MoveSpeedBonusBuff.cs",1205,payload
"Assets/AAAGame/Scripts/Buff/MoveSpeedBonusBuff.cs.meta",254,meta
"Assets/AAAGame/Scripts/Buff/OnKillHealBuff.cs",4686,payload
"Assets/AAAGame/Scripts/Buff/OnKillHealBuff.cs.meta",254,meta
"Assets/AAAGame/Scripts/Buff/PercentHealthBonusBuff.cs",1746,payload
"Assets/AAAGame/Scripts/Buff/PercentHealthBonusBuff.cs.meta",254,meta
"Assets/AAAGame/Scripts/Buff/PercentMoveSpeedBonusBuff.cs",7193,payload
"Assets/AAAGame/Scripts/Buff/PercentMoveSpeedBonusBuff.cs.meta",254,meta
"Assets/AAAGame/Scripts/Buff/PercentRangeBonusBuff.cs",1209,payload
"Assets/AAAGame/Scripts/Buff/PercentRangeBonusBuff.cs.meta",254,meta
"Assets/AAAGame/Scripts/Buff/RangeBonusBuff.cs",1140,payload
"Assets/AAAGame/Scripts/Buff/RangeBonusBuff.cs.meta",254,meta
"Assets/AAAGame/Scripts/Buff/TauntBuffCallback.cs",1475,payload
"Assets/AAAGame/Scripts/Buff/TauntBuffCallback.cs.meta",254,meta
"Assets/AAAGame/Scripts/Buff/TechRuntimeBuffs.cs",27979,payload
"Assets/AAAGame/Scripts/Buff/TechRuntimeBuffs.cs.meta",254,meta
"Assets/AAAGame/Scripts/Buff/TimedDeathBuff.cs",4379,payload
"Assets/AAAGame/Scripts/Buff/TimedDeathBuff.cs.meta",254,meta
"Assets/AAAGame/Scripts/BuffSystem.meta",180,meta
"Assets/AAAGame/Scripts/BuffSystem/BuffCallback.cs",564,payload
"Assets/AAAGame/Scripts/BuffSystem/BuffCallback.cs.meta",254,meta
"Assets/AAAGame/Scripts/BuffSystem/BuffConstant.cs",726,payload
"Assets/AAAGame/Scripts/BuffSystem/BuffConstant.cs.meta",254,meta
"Assets/AAAGame/Scripts/BuffSystem/BuffData.cs",2296,payload
"Assets/AAAGame/Scripts/BuffSystem/BuffData.cs.meta",254,meta
"Assets/AAAGame/Scripts/BuffSystem/BuffRemoveEnum.cs",362,payload
"Assets/AAAGame/Scripts/BuffSystem/BuffRemoveEnum.cs.meta",254,meta
"Assets/AAAGame/Scripts/BuffSystem/BuffRuntimeInfo.cs",3751,payload
"Assets/AAAGame/Scripts/BuffSystem/BuffRuntimeInfo.cs.meta",254,meta
"Assets/AAAGame/Scripts/BuffSystem/BuffUpdateEnum.cs",443,payload
"Assets/AAAGame/Scripts/BuffSystem/BuffUpdateEnum.cs.meta",254,meta
"Assets/AAAGame/Scripts/BuffSystem/CharacterBuffComp.cs",24486,payload
"Assets/AAAGame/Scripts/BuffSystem/CharacterBuffComp.cs.meta",254,meta
"Assets/AAAGame/Scripts/BuffSystem/Examples.meta",180,meta
"Assets/AAAGame/Scripts/BuffSystem/Examples/DebugBuffExamples.cs",3176,payload
"Assets/AAAGame/Scripts/BuffSystem/Examples/DebugBuffExamples.cs.meta",254,meta
"Assets/AAAGame/Scripts/BuffSystem/Examples/DebugVersionDotBuff.cs",775,payload
"Assets/AAAGame/Scripts/BuffSystem/Examples/DebugVersionDotBuff.cs.meta",254,meta
"Assets/AAAGame/Scripts/BuffSystem/Examples/DebugVersionHealOverTimeBuff.cs",753,payload
"Assets/AAAGame/Scripts/BuffSystem/Examples/DebugVersionHealOverTimeBuff.cs.meta",254,meta
"Assets/AAAGame/Scripts/BuffSystem/Examples/DebugVersionShieldBuff.cs",921,payload
"Assets/AAAGame/Scripts/BuffSystem/Examples/DebugVersionShieldBuff.cs.meta",254,meta
"Assets/AAAGame/Scripts/BuffSystem/Examples/DebugVersionSpeedBuff.cs",1403,payload
"Assets/AAAGame/Scripts/BuffSystem/Examples/DebugVersionSpeedBuff.cs.meta",254,meta
"Assets/AAAGame/Scripts/BuffSystem/IBuffComp.cs",1095,payload
"Assets/AAAGame/Scripts/BuffSystem/IBuffComp.cs.meta",254,meta
"Assets/AAAGame/Scripts/BuffSystem/NoBuffComp.cs",854,payload
"Assets/AAAGame/Scripts/BuffSystem/NoBuffComp.cs.meta",254,meta
"Assets/AAAGame/Scripts/Build.meta",180,meta
"Assets/AAAGame/Scripts/Build/BuildingData.cs",2186,payload
"Assets/AAAGame/Scripts/Build/BuildingData.cs.meta",254,meta
"Assets/AAAGame/Scripts/Build/BuildManager.cs",39202,payload
"Assets/AAAGame/Scripts/Build/BuildManager.cs.meta",254,meta
"Assets/AAAGame/Scripts/Build/SkillData.cs",3976,payload
"Assets/AAAGame/Scripts/Build/SkillData.cs.meta",254,meta
"Assets/AAAGame/Scripts/Build/Tech.meta",180,meta
"Assets/AAAGame/Scripts/Build/Tech/ArchetypeUnitTypeMapper.cs",1440,payload
"Assets/AAAGame/Scripts/Build/Tech/ArchetypeUnitTypeMapper.cs.meta",254,meta
"Assets/AAAGame/Scripts/Build/Tech/BaseMilestoneTechService.cs",3463,payload
"Assets/AAAGame/Scripts/Build/Tech/BaseMilestoneTechService.cs.meta",254,meta
"Assets/AAAGame/Scripts/Build/Tech/BuildingExtraProps.cs",4470,payload
"Assets/AAAGame/Scripts/Build/Tech/BuildingExtraProps.cs.meta",254,meta
"Assets/AAAGame/Scripts/Build/Tech/BuildingLevelTechRouting.cs",2443,payload
"Assets/AAAGame/Scripts/Build/Tech/BuildingLevelTechRouting.cs.meta",254,meta
"Assets/AAAGame/Scripts/Build/Tech/BuildingTechRuntimeEffect.cs",96760,payload
"Assets/AAAGame/Scripts/Build/Tech/BuildingTechRuntimeEffect.cs.meta",254,meta
"Assets/AAAGame/Scripts/Build/Tech/LogicBuildingQueryService.cs",6671,payload
"Assets/AAAGame/Scripts/Build/Tech/LogicBuildingQueryService.cs.meta",254,meta
"Assets/AAAGame/Scripts/Build/Tech/ResolvedTechUnitScope.cs",713,payload
"Assets/AAAGame/Scripts/Build/Tech/ResolvedTechUnitScope.cs.meta",254,meta
"Assets/AAAGame/Scripts/Build/Tech/TechEffectContext.cs",429,payload
"Assets/AAAGame/Scripts/Build/Tech/TechEffectContext.cs.meta",254,meta
"Assets/AAAGame/Scripts/Build/Tech/TechEffectSO.cs",991,payload
"Assets/AAAGame/Scripts/Build/Tech/TechEffectSO.cs.meta",254,meta
"Assets/AAAGame/Scripts/Build/Tech/TechManager.cs",15755,payload
"Assets/AAAGame/Scripts/Build/Tech/TechManager.cs.meta",254,meta
"Assets/AAAGame/Scripts/Build/Tech/TechScopeIndex.cs",3689,payload
"Assets/AAAGame/Scripts/Build/Tech/TechScopeIndex.cs.meta",254,meta
"Assets/AAAGame/Scripts/Build/Tech/TechScopeResolver.cs",5732,payload
"Assets/AAAGame/Scripts/Build/Tech/TechScopeResolver.cs.meta",254,meta
"Assets/AAAGame/Scripts/Build/Tech/TechTestSlotConfig.cs",1768,payload
"Assets/AAAGame/Scripts/Build/Tech/TechTestSlotConfig.cs.meta",254,meta
"Assets/AAAGame/Scripts/Build/TechData.cs",2057,payload
"Assets/AAAGame/Scripts/Build/TechData.cs.meta",254,meta
"Assets/AAAGame/Scripts/Card.meta",180,meta
"Assets/AAAGame/Scripts/Card/错误修复报告.md",4914,payload
"Assets/AAAGame/Scripts/Card/错误修复报告.md.meta",165,meta
"Assets/AAAGame/Scripts/Card/当前状态_2025-04-02.md",2833,payload
"Assets/AAAGame/Scripts/Card/当前状态_2025-04-02.md.meta",165,meta
"Assets/AAAGame/Scripts/Card/改造清单_Checklist.md",5941,payload
"Assets/AAAGame/Scripts/Card/改造清单_Checklist.md.meta",165,meta
"Assets/AAAGame/Scripts/Card/改造完成总结.md",6463,payload
"Assets/AAAGame/Scripts/Card/改造完成总结.md.meta",165,meta
"Assets/AAAGame/Scripts/Card/改造总结_最终版.md",5117,payload
"Assets/AAAGame/Scripts/Card/改造总结_最终版.md.meta",165,meta
"Assets/AAAGame/Scripts/Card/卡牌准星效果总结.md",7096,payload
"Assets/AAAGame/Scripts/Card/卡牌准星效果总结.md.meta",165,meta
"Assets/AAAGame/Scripts/Card/快速开始指南.md",6240,payload
"Assets/AAAGame/Scripts/Card/快速开始指南.md.meta",165,meta
"Assets/AAAGame/Scripts/Card/快速配置指南.md",4825,payload
"Assets/AAAGame/Scripts/Card/快速配置指南.md.meta",165,meta
"Assets/AAAGame/Scripts/Card/问题解决总结.md",4195,payload
"Assets/AAAGame/Scripts/Card/问题解决总结.md.meta",165,meta
"Assets/AAAGame/Scripts/Card/系统架构图.md",18860,payload
"Assets/AAAGame/Scripts/Card/系统架构图.md.meta",165,meta
"Assets/AAAGame/Scripts/Card/最终状态报告.md",7674,payload
"Assets/AAAGame/Scripts/Card/最终状态报告.md.meta",165,meta
"Assets/AAAGame/Scripts/Card/CardUIForm_2.prefab",21754,payload
"Assets/AAAGame/Scripts/Card/CardUIForm_2.prefab.meta",161,meta
"Assets/AAAGame/Scripts/Card/CardUIForm.prefab",21888,payload
"Assets/AAAGame/Scripts/Card/CardUIForm.prefab.meta",161,meta
"Assets/AAAGame/Scripts/Card/Controller.meta",180,meta
"Assets/AAAGame/Scripts/Card/Controller/CardPlacementController.cs",25644,payload
"Assets/AAAGame/Scripts/Card/Controller/CardPlacementController.cs.meta",254,meta
"Assets/AAAGame/Scripts/Card/Controller/CardSystemController.cs",32548,payload
"Assets/AAAGame/Scripts/Card/Controller/CardSystemController.cs.meta",254,meta
"Assets/AAAGame/Scripts/Card/Controller/EnemyBuildingForbiddenZoneController.cs",10314,payload
"Assets/AAAGame/Scripts/Card/Controller/EnemyBuildingForbiddenZoneController.cs.meta",254,meta
"Assets/AAAGame/Scripts/Card/Controller/HandCardController.cs",3652,payload
"Assets/AAAGame/Scripts/Card/Controller/HandCardController.cs.meta",254,meta
"Assets/AAAGame/Scripts/Card/Core.meta",180,meta
"Assets/AAAGame/Scripts/Card/Core/CardEventManager.cs",3373,payload
"Assets/AAAGame/Scripts/Card/Core/CardEventManager.cs.meta",254,meta
"Assets/AAAGame/Scripts/Card/Core/CardLogger.cs",1215,payload
"Assets/AAAGame/Scripts/Card/Core/CardLogger.cs.meta",254,meta
"Assets/AAAGame/Scripts/Card/Data.meta",180,meta
"Assets/AAAGame/Scripts/Card/Data/CardData.cs",2201,payload
"Assets/AAAGame/Scripts/Card/Data/CardData.cs.meta",254,meta
"Assets/AAAGame/Scripts/Card/Data/CardDataAdapter.cs",2292,payload
"Assets/AAAGame/Scripts/Card/Data/CardDataAdapter.cs.meta",254,meta
"Assets/AAAGame/Scripts/Card/Data/CardDataProviderFactory.cs",1906,payload
"Assets/AAAGame/Scripts/Card/Data/CardDataProviderFactory.cs.meta",254,meta
"Assets/AAAGame/Scripts/Card/Data/ICardDataProvider.cs",1358,payload
"Assets/AAAGame/Scripts/Card/Data/ICardDataProvider.cs.meta",254,meta
"Assets/AAAGame/Scripts/Card/DataTable错误修复指南.md",6477,payload
"Assets/AAAGame/Scripts/Card/DataTable错误修复指南.md.meta",165,meta
"Assets/AAAGame/Scripts/Card/DeckPreviewManual.md",10242,payload
"Assets/AAAGame/Scripts/Card/DeckPreviewManual.md.meta",162,meta
"Assets/AAAGame/Scripts/Card/Definition.meta",180,meta
"Assets/AAAGame/Scripts/Card/Definition/CardConst.cs",835,payload
"Assets/AAAGame/Scripts/Card/Definition/CardConst.cs.meta",254,meta
"Assets/AAAGame/Scripts/Card/Editor.meta",180,meta
"Assets/AAAGame/Scripts/Card/Editor/AAAGame.Card.Editor.asmdef",443,payload
"Assets/AAAGame/Scripts/Card/Editor/AAAGame.Card.Editor.asmdef.meta",173,meta
"Assets/AAAGame/Scripts/Card/Event.meta",180,meta
"Assets/AAAGame/Scripts/Card/Event/CardEventArgs.cs",7063,payload
"Assets/AAAGame/Scripts/Card/Event/CardEventArgs.cs.meta",254,meta
"Assets/AAAGame/Scripts/Card/ForbiddenArea.mat",1036,payload
"Assets/AAAGame/Scripts/Card/ForbiddenArea.mat.meta",196,meta
"Assets/AAAGame/Scripts/Card/GF_X框架集成完成报告.md",11739,payload
"Assets/AAAGame/Scripts/Card/GF_X框架集成完成报告.md.meta",165,meta
"Assets/AAAGame/Scripts/Card/HandCardItem.prefab",25130,payload
"Assets/AAAGame/Scripts/Card/HandCardItem.prefab.meta",161,meta
"Assets/AAAGame/Scripts/Card/LogicCardAutoDrawClock.cs",3017,payload
"Assets/AAAGame/Scripts/Card/LogicCardAutoDrawClock.cs.meta",62,meta
"Assets/AAAGame/Scripts/Card/LogicCardCommandService.cs",14886,payload
"Assets/AAAGame/Scripts/Card/LogicCardCommandService.cs.meta",62,meta
"Assets/AAAGame/Scripts/Card/LogicCardPlacementAuthority.cs",27184,payload
"Assets/AAAGame/Scripts/Card/LogicCardPlacementAuthority.cs.meta",62,meta
"Assets/AAAGame/Scripts/Card/Material.meta",180,meta
"Assets/AAAGame/Scripts/Card/Material/边缘泛光.mat",1385,payload
"Assets/AAAGame/Scripts/Card/Material/边缘泛光.mat.meta",193,meta
"Assets/AAAGame/Scripts/Card/Material/边缘泛光2.mat",1114,payload
"Assets/AAAGame/Scripts/Card/Material/边缘泛光2.mat.meta",196,meta
"Assets/AAAGame/Scripts/Card/Material/CardForbiddenZoneOverlay.shader",2911,payload
"Assets/AAAGame/Scripts/Card/Material/CardForbiddenZoneOverlay.shader.meta",213,meta
"Assets/AAAGame/Scripts/Card/Material/CardUIEdgeGlow.shader",6897,payload
"Assets/AAAGame/Scripts/Card/Material/CardUIEdgeGlow.shader.meta",210,meta
"Assets/AAAGame/Scripts/Card/Model.meta",180,meta
"Assets/AAAGame/Scripts/Card/Model/CardModel.cs",3806,payload
"Assets/AAAGame/Scripts/Card/Model/CardModel.cs.meta",254,meta
"Assets/AAAGame/Scripts/Card/Model/PlayerHandModel.cs",4763,payload
"Assets/AAAGame/Scripts/Card/Model/PlayerHandModel.cs.meta",254,meta
"Assets/AAAGame/Scripts/Card/README_改造说明.md",5382,payload
"Assets/AAAGame/Scripts/Card/README_改造说明.md.meta",165,meta
"Assets/AAAGame/Scripts/Card/Test.meta",180,meta
"Assets/AAAGame/Scripts/Card/Test/CardSystemDiagnostic.cs",5606,payload
"Assets/AAAGame/Scripts/Card/Test/CardSystemDiagnostic.cs.meta",254,meta
"Assets/AAAGame/Scripts/Card/Test/GameFrameworkDiagnostic.cs",5785,payload
"Assets/AAAGame/Scripts/Card/Test/GameFrameworkDiagnostic.cs.meta",254,meta
"Assets/AAAGame/Scripts/Card/UI.meta",180,meta
"Assets/AAAGame/Scripts/Card/UI/CardAreaMaterialOverlay.cs",36156,payload
"Assets/AAAGame/Scripts/Card/UI/CardAreaMaterialOverlay.cs.meta",254,meta
"Assets/AAAGame/Scripts/Card/UI/CardDeckPreviewItem.cs",2805,payload
"Assets/AAAGame/Scripts/Card/UI/CardDeckPreviewItem.cs.meta",254,meta
"Assets/AAAGame/Scripts/Card/UI/CardTargetingCurveGraphic.cs",6390,payload
"Assets/AAAGame/Scripts/Card/UI/CardTargetingCurveGraphic.cs.meta",254,meta
"Assets/AAAGame/Scripts/Card/UI/CardUIForm.cs",59709,payload
"Assets/AAAGame/Scripts/Card/UI/CardUIForm.cs.meta",254,meta
"Assets/AAAGame/Scripts/Card/UI/DeckPreviewCardItem.prefab",12785,payload
"Assets/AAAGame/Scripts/Card/UI/DeckPreviewCardItem.prefab.meta",161,meta
"Assets/AAAGame/Scripts/Card/UI/DeckPreviewPanel.prefab",12282,payload
"Assets/AAAGame/Scripts/Card/UI/DeckPreviewPanel.prefab.meta",161,meta
"Assets/AAAGame/Scripts/Card/UI/deekHandCardItem.prefab",24920,payload
"Assets/AAAGame/Scripts/Card/UI/deekHandCardItem.prefab.meta",161,meta
"Assets/AAAGame/Scripts/Card/UI/HandCardItem.cs",42678,payload
"Assets/AAAGame/Scripts/Card/UI/HandCardItem.cs.meta",254,meta
"Assets/AAAGame/Scripts/Card/UIParams传参修复.md",6825,payload
"Assets/AAAGame/Scripts/Card/UIParams传参修复.md.meta",165,meta
"Assets/AAAGame/Scripts/Card/ValidArea.mat",1102,payload
"Assets/AAAGame/Scripts/Card/ValidArea.mat.meta",196,meta
"Assets/AAAGame/Scripts/Common.meta",180,meta
"Assets/AAAGame/Scripts/Common/CameraController.cs",13765,payload
"Assets/AAAGame/Scripts/Common/CameraController.cs.meta",254,meta
"Assets/AAAGame/Scripts/Common/Const.cs",457,payload
"Assets/AAAGame/Scripts/Common/Const.cs.meta",254,meta
"Assets/AAAGame/Scripts/Common/Core.meta",180,meta
"Assets/AAAGame/Scripts/Common/Core/Const.Groups.cs",513,payload
"Assets/AAAGame/Scripts/Common/Core/Const.Groups.cs.meta",254,meta
"Assets/AAAGame/Scripts/Common/DescriptionValueFormatter.cs",5285,payload
"Assets/AAAGame/Scripts/Common/DescriptionValueFormatter.cs.meta",254,meta
"Assets/AAAGame/Scripts/Common/DistanceUnitConverter.cs",9328,payload
"Assets/AAAGame/Scripts/Common/DistanceUnitConverter.cs.meta",254,meta
"Assets/AAAGame/Scripts/Common/DOTweenSequence.cs",61366,payload
"Assets/AAAGame/Scripts/Common/DOTweenSequence.cs.meta",254,meta
"Assets/AAAGame/Scripts/Common/FlowLayoutGroup.cs",13651,payload
"Assets/AAAGame/Scripts/Common/FlowLayoutGroup.cs.meta",254,meta
"Assets/AAAGame/Scripts/Common/GameDebugSettings.cs",3398,payload
"Assets/AAAGame/Scripts/Common/GameDebugSettings.cs.meta",254,meta
"Assets/AAAGame/Scripts/Common/LocalizationTextMesh.cs",444,payload
"Assets/AAAGame/Scripts/Common/LocalizationTextMesh.cs.meta",254,meta
"Assets/AAAGame/Scripts/Common/RefParams.cs",2726,payload
"Assets/AAAGame/Scripts/Common/RefParams.cs.meta",254,meta
"Assets/AAAGame/Scripts/Craft.meta",180,meta
"Assets/AAAGame/Scripts/Craft/Item.cs",1559,payload
"Assets/AAAGame/Scripts/Craft/Item.cs.meta",254,meta
"Assets/AAAGame/Scripts/Craft/ItemWithEffect.cs",998,payload
"Assets/AAAGame/Scripts/Craft/ItemWithEffect.cs.meta",254,meta
"Assets/AAAGame/Scripts/DamageSystem.meta",180,meta
"Assets/AAAGame/Scripts/DamageSystem/Damage.cs",689,payload
"Assets/AAAGame/Scripts/DamageSystem/Damage.cs.meta",254,meta
"Assets/AAAGame/Scripts/DamageSystem/DamageHelper.cs",23115,payload
"Assets/AAAGame/Scripts/DamageSystem/DamageHelper.cs.meta",254,meta
"Assets/AAAGame/Scripts/DamageSystem/HurtBox.cs",444,payload
"Assets/AAAGame/Scripts/DamageSystem/HurtBox.cs.meta",254,meta
"Assets/AAAGame/Scripts/DamageSystem/LogicDamageEventService.cs",11677,payload
"Assets/AAAGame/Scripts/DamageSystem/LogicDamageEventService.cs.meta",254,meta
"Assets/AAAGame/Scripts/DataModel.meta",180,meta
"Assets/AAAGame/Scripts/DataModel/Building.meta",180,meta
"Assets/AAAGame/Scripts/DataModel/Building/BuildingDataModel.cs",13264,payload
"Assets/AAAGame/Scripts/DataModel/Building/BuildingDataModel.cs.meta",254,meta
"Assets/AAAGame/Scripts/DataModel/Building/SkillDataModel.cs",2305,payload
"Assets/AAAGame/Scripts/DataModel/Building/SkillDataModel.cs.meta",254,meta
"Assets/AAAGame/Scripts/DataModel/Building/TechDataModel.cs",4224,payload
"Assets/AAAGame/Scripts/DataModel/Building/TechDataModel.cs.meta",254,meta
"Assets/AAAGame/Scripts/DataModel/CareerProgressDataModel.cs",16368,payload
"Assets/AAAGame/Scripts/DataModel/CareerProgressDataModel.cs.meta",243,meta
"Assets/AAAGame/Scripts/DataModel/Craft.meta",180,meta
"Assets/AAAGame/Scripts/DataModel/Craft/ItemCollectionDataModel.cs",2823,payload
"Assets/AAAGame/Scripts/DataModel/Craft/ItemCollectionDataModel.cs.meta",254,meta
"Assets/AAAGame/Scripts/DataModel/Craft/ItemDataModel.cs",3058,payload
"Assets/AAAGame/Scripts/DataModel/Craft/ItemDataModel.cs.meta",254,meta
"Assets/AAAGame/Scripts/DataModel/InGameDataModel.Checkpoint.cs",10312,payload
"Assets/AAAGame/Scripts/DataModel/InGameDataModel.Checkpoint.cs.meta",243,meta
"Assets/AAAGame/Scripts/DataModel/InGameDataModel.cs",34020,payload
"Assets/AAAGame/Scripts/DataModel/InGameDataModel.cs.meta",254,meta
"Assets/AAAGame/Scripts/DataModel/InputModel.cs",3214,payload
"Assets/AAAGame/Scripts/DataModel/InputModel.cs.meta",254,meta
"Assets/AAAGame/Scripts/DataModel/Level.meta",172,meta
"Assets/AAAGame/Scripts/DataModel/Level/ObjectiveDataModel.cs",3180,payload
"Assets/AAAGame/Scripts/DataModel/Level/ObjectiveDataModel.cs.meta",243,meta
"Assets/AAAGame/Scripts/DataModel/PlayerDataModel.cs",2444,payload
"Assets/AAAGame/Scripts/DataModel/PlayerDataModel.cs.meta",254,meta
"Assets/AAAGame/Scripts/DataModel/ProfileDataModel.cs",1535,payload
"Assets/AAAGame/Scripts/DataModel/ProfileDataModel.cs.meta",254,meta
"Assets/AAAGame/Scripts/DataModel/SkillRuntimeDataModel.cs",19527,payload
"Assets/AAAGame/Scripts/DataModel/SkillRuntimeDataModel.cs.meta",254,meta
"Assets/AAAGame/Scripts/DataModel/StoryProgressDataModel.cs",1183,payload
"Assets/AAAGame/Scripts/DataModel/StoryProgressDataModel.cs.meta",243,meta
"Assets/AAAGame/Scripts/DataModel/Text.meta",180,meta
"Assets/AAAGame/Scripts/DataModel/Text/LocalizationTextDataModel.cs",2009,payload
"Assets/AAAGame/Scripts/DataModel/Text/LocalizationTextDataModel.cs.meta",254,meta
"Assets/AAAGame/Scripts/DataModel/Text/TipsDataModel.cs",3279,payload
"Assets/AAAGame/Scripts/DataModel/Text/TipsDataModel.cs.meta",243,meta
"Assets/AAAGame/Scripts/DataTable.meta",180,meta
"Assets/AAAGame/Scripts/DataTable/Build.meta",180,meta
"Assets/AAAGame/Scripts/DataTable/Build/BuildingTable.cs",40124,payload
"Assets/AAAGame/Scripts/DataTable/Build/BuildingTable.cs.meta",254,meta
"Assets/AAAGame/Scripts/DataTable/CameraViewTable.cs",2515,payload
"Assets/AAAGame/Scripts/DataTable/CameraViewTable.cs.meta",254,meta
"Assets/AAAGame/Scripts/DataTable/Career.meta",172,meta
"Assets/AAAGame/Scripts/DataTable/Career/GradeExperienceTable.cs",2286,payload
"Assets/AAAGame/Scripts/DataTable/Career/GradeExperienceTable.cs.meta",254,meta
"Assets/AAAGame/Scripts/DataTable/Career/MetaGrowthTable.cs",3807,payload
"Assets/AAAGame/Scripts/DataTable/Career/MetaGrowthTable.cs.meta",243,meta
"Assets/AAAGame/Scripts/DataTable/CharacterDataDetail.cs",21972,payload
"Assets/AAAGame/Scripts/DataTable/CharacterDataDetail.cs.meta",254,meta
"Assets/AAAGame/Scripts/DataTable/CharacterDataDetailAccessor.cs",7823,payload
"Assets/AAAGame/Scripts/DataTable/CharacterDataDetailAccessor.cs.meta",254,meta
"Assets/AAAGame/Scripts/DataTable/ColorTable.cs",2133,payload
"Assets/AAAGame/Scripts/DataTable/ColorTable.cs.meta",254,meta
"Assets/AAAGame/Scripts/DataTable/CombatUnitTable.cs",3658,payload
"Assets/AAAGame/Scripts/DataTable/CombatUnitTable.cs.meta",254,meta
"Assets/AAAGame/Scripts/DataTable/Core.meta",180,meta
"Assets/AAAGame/Scripts/DataTable/Core/EntityGroupTable.cs",3375,payload
"Assets/AAAGame/Scripts/DataTable/Core/EntityGroupTable.cs.meta",254,meta
"Assets/AAAGame/Scripts/DataTable/Core/LanguagesTable.cs",3086,payload
"Assets/AAAGame/Scripts/DataTable/Core/LanguagesTable.cs.meta",254,meta
"Assets/AAAGame/Scripts/DataTable/Core/SoundGroupTable.cs",3416,payload
"Assets/AAAGame/Scripts/DataTable/Core/SoundGroupTable.cs.meta",254,meta
"Assets/AAAGame/Scripts/DataTable/Core/UIGroupTable.cs",2475,payload
"Assets/AAAGame/Scripts/DataTable/Core/UIGroupTable.cs.meta",254,meta
"Assets/AAAGame/Scripts/DataTable/Core/UITable.cs",3870,payload
"Assets/AAAGame/Scripts/DataTable/Core/UITable.cs.meta",254,meta
"Assets/AAAGame/Scripts/DataTable/Hero.meta",180,meta
"Assets/AAAGame/Scripts/DataTable/Hero/KeepsakeTable.cs",4176,payload
"Assets/AAAGame/Scripts/DataTable/Hero/KeepsakeTable.cs.meta",243,meta
"Assets/AAAGame/Scripts/DataTable/Hero/SkillTable.cs",7621,payload
"Assets/AAAGame/Scripts/DataTable/Hero/SkillTable.cs.meta",254,meta
"Assets/AAAGame/Scripts/DataTable/Item.meta",180,meta
"Assets/AAAGame/Scripts/DataTable/Item/ItemTable.cs",4043,payload
"Assets/AAAGame/Scripts/DataTable/Item/ItemTable.cs.meta",254,meta
"Assets/AAAGame/Scripts/DataTable/Item/ItemWithEffectTable.cs",5088,payload
"Assets/AAAGame/Scripts/DataTable/Item/ItemWithEffectTable.cs.meta",254,meta
"Assets/AAAGame/Scripts/DataTable/Level.meta",172,meta
"Assets/AAAGame/Scripts/DataTable/Level/LevelTable.cs",18155,payload
"Assets/AAAGame/Scripts/DataTable/Level/LevelTable.cs.meta",254,meta
"Assets/AAAGame/Scripts/DataTable/Level/LevelTagTable.cs",5382,payload
"Assets/AAAGame/Scripts/DataTable/Level/LevelTagTable.cs.meta",254,meta
"Assets/AAAGame/Scripts/DataTable/Level/ObjectiveTable.cs",2468,payload
"Assets/AAAGame/Scripts/DataTable/Level/ObjectiveTable.cs.meta",243,meta
"Assets/AAAGame/Scripts/DataTable/Level/VariableExperimentRuleTable.cs",3509,payload
"Assets/AAAGame/Scripts/DataTable/Level/VariableExperimentRuleTable.cs.meta",243,meta
"Assets/AAAGame/Scripts/DataTable/Story.meta",172,meta
"Assets/AAAGame/Scripts/DataTable/Story/StoryCommTable.cs",3793,payload
"Assets/AAAGame/Scripts/DataTable/Story/StoryCommTable.cs.meta",243,meta
"Assets/AAAGame/Scripts/DataTable/Story/StoryScriptTable.cs",5758,payload
"Assets/AAAGame/Scripts/DataTable/Story/StoryScriptTable.cs.meta",243,meta
"Assets/AAAGame/Scripts/DataTable/Story/StoryTriggerTable.cs",3146,payload
"Assets/AAAGame/Scripts/DataTable/Story/StoryTriggerTable.cs.meta",243,meta
"Assets/AAAGame/Scripts/DataTable/Text.meta",180,meta
"Assets/AAAGame/Scripts/DataTable/Text/InteractOptionTextTable.cs",2471,payload
"Assets/AAAGame/Scripts/DataTable/Text/InteractOptionTextTable.cs.meta",254,meta
"Assets/AAAGame/Scripts/DataTable/Text/LocalizationTextTable.cs",2492,payload
"Assets/AAAGame/Scripts/DataTable/Text/LocalizationTextTable.cs.meta",254,meta
"Assets/AAAGame/Scripts/DataTable/Text/TipsTable.cs",3383,payload
"Assets/AAAGame/Scripts/DataTable/Text/TipsTable.cs.meta",243,meta
"Assets/AAAGame/Scripts/DataTable/WeaponData.cs",1914,payload
"Assets/AAAGame/Scripts/DataTable/WeaponData.cs.meta",254,meta
"Assets/AAAGame/Scripts/Definition.meta",180,meta
"Assets/AAAGame/Scripts/Definition/UnitType.cs",586,payload
"Assets/AAAGame/Scripts/Definition/UnitType.cs.meta",254,meta
"Assets/AAAGame/Scripts/Diagnostics.meta",172,meta
"Assets/AAAGame/Scripts/Diagnostics/HeroAttackRangeRenderProbe.cs",9695,payload
"Assets/AAAGame/Scripts/Diagnostics/HeroAttackRangeRenderProbe.cs.meta",243,meta
"Assets/AAAGame/Scripts/Editor.meta",180,meta
"Assets/AAAGame/Scripts/Editor/AAAGame.Scripts.Editor.asmdef",511,payload
"Assets/AAAGame/Scripts/Editor/AAAGame.Scripts.Editor.asmdef.meta",173,meta
"Assets/AAAGame/Scripts/Editor/BratProjectileRuntimeRegressionRunner.cs",29065,payload
"Assets/AAAGame/Scripts/Editor/BratProjectileRuntimeRegressionRunner.cs.meta",243,meta
"Assets/AAAGame/Scripts/Editor/CurrentPlayIssueDiagnosticRunner.cs",11203,payload
"Assets/AAAGame/Scripts/Editor/CurrentPlayIssueDiagnosticRunner.cs.meta",243,meta
"Assets/AAAGame/Scripts/Editor/DragToPrefabWindow.cs",9079,payload
"Assets/AAAGame/Scripts/Editor/DragToPrefabWindow.cs.meta",254,meta
"Assets/AAAGame/Scripts/Editor/EditorRuntimeLevelEntry.cs",903,payload
"Assets/AAAGame/Scripts/Editor/EditorRuntimeLevelEntry.cs.meta",243,meta
"Assets/AAAGame/Scripts/Editor/LightAddTool.cs",7527,payload
"Assets/AAAGame/Scripts/Editor/LightAddTool.cs.meta",254,meta
"Assets/AAAGame/Scripts/Editor/LogicRuntimeIdleMemoryControlRunner.cs",12541,payload
"Assets/AAAGame/Scripts/Editor/LogicRuntimeIdleMemoryControlRunner.cs.meta",243,meta
"Assets/AAAGame/Scripts/Editor/LogicRuntimeLongSessionGateRunner.cs",51015,payload
"Assets/AAAGame/Scripts/Editor/LogicRuntimeLongSessionGateRunner.cs.meta",254,meta
"Assets/AAAGame/Scripts/Editor/Lv3InteractiveHitchCaptureRunner.cs",154512,payload
"Assets/AAAGame/Scripts/Editor/Lv3InteractiveHitchCaptureRunner.cs.meta",243,meta
"Assets/AAAGame/Scripts/Editor/Lv3MainPerfReproductionRunner.cs",18446,payload
"Assets/AAAGame/Scripts/Editor/Lv3MainPerfReproductionRunner.cs.meta",251,meta
"Assets/AAAGame/Scripts/Editor/LvTestBuildInteractionDiagnosticRunner.cs",29333,payload
"Assets/AAAGame/Scripts/Editor/LvTestBuildInteractionDiagnosticRunner.cs.meta",254,meta
"Assets/AAAGame/Scripts/Editor/LvTestSprinterNarrowPathDiagnosticRunner.cs",40570,payload
"Assets/AAAGame/Scripts/Editor/LvTestSprinterNarrowPathDiagnosticRunner.cs.meta",243,meta
"Assets/AAAGame/Scripts/Editor/MainThreadFrameProfilerNextPlayCapture.cs",1892,payload
"Assets/AAAGame/Scripts/Editor/MainThreadFrameProfilerNextPlayCapture.cs.meta",254,meta
"Assets/AAAGame/Scripts/Editor/StageCheckpointRestoreGateRunner.cs",14110,payload
"Assets/AAAGame/Scripts/Editor/StageCheckpointRestoreGateRunner.cs.meta",243,meta
"Assets/AAAGame/Scripts/Editor/SystemValidationRunner.cs",18118,payload
"Assets/AAAGame/Scripts/Editor/SystemValidationRunner.cs.meta",254,meta
"Assets/AAAGame/Scripts/Editor/TechBuffDebugWindow.cs",8998,payload
"Assets/AAAGame/Scripts/Editor/TechBuffDebugWindow.cs.meta",254,meta
"Assets/AAAGame/Scripts/Editor/VisualPipelineAssetRepair.cs",6092,payload
"Assets/AAAGame/Scripts/Editor/VisualPipelineAssetRepair.cs.meta",254,meta
"Assets/AAAGame/Scripts/Effect.meta",180,meta
"Assets/AAAGame/Scripts/Effect/BuildingOutlineFeature.cs",10667,payload
"Assets/AAAGame/Scripts/Effect/BuildingOutlineFeature.cs.meta",254,meta
"Assets/AAAGame/Scripts/Effect/BuildingOwnershipColorController.cs",4194,payload
"Assets/AAAGame/Scripts/Effect/BuildingOwnershipColorController.cs.meta",254,meta
"Assets/AAAGame/Scripts/Effect/CanTrailAdditive.shader",1827,payload
"Assets/AAAGame/Scripts/Effect/CanTrailAdditive.shader.meta",240,meta
"Assets/AAAGame/Scripts/Effect/CanTrailEffect.cs",6303,payload
"Assets/AAAGame/Scripts/Effect/CanTrailEffect.cs.meta",254,meta
"Assets/AAAGame/Scripts/Effect/CanTrailMaterial.mat",1604,payload
"Assets/AAAGame/Scripts/Effect/CanTrailMaterial.mat.meta",196,meta
"Assets/AAAGame/Scripts/Effect/EffectRuntimeConfigComponent.cs",3905,payload
"Assets/AAAGame/Scripts/Effect/EffectRuntimeConfigComponent.cs.meta",254,meta
"Assets/AAAGame/Scripts/Effect/EffectShaderAssetLoader.cs",5707,payload
"Assets/AAAGame/Scripts/Effect/EffectShaderAssetLoader.cs.meta",254,meta
"Assets/AAAGame/Scripts/Effect/EnemyStrongholdFogVisualConfigSO.cs",1461,payload
"Assets/AAAGame/Scripts/Effect/EnemyStrongholdFogVisualConfigSO.cs.meta",254,meta
"Assets/AAAGame/Scripts/Effect/HitFlashEffect.cs",12241,payload
"Assets/AAAGame/Scripts/Effect/HitFlashEffect.cs.meta",254,meta
"Assets/AAAGame/Scripts/Effect/HitFlashRuntime.cs",4381,payload
"Assets/AAAGame/Scripts/Effect/HitFlashRuntime.cs.meta",254,meta
"Assets/AAAGame/Scripts/Effect/PixelationRendererFeature.cs",4984,payload
"Assets/AAAGame/Scripts/Effect/PixelationRendererFeature.cs.meta",254,meta
"Assets/AAAGame/Scripts/Effect/Resources.meta",180,meta
"Assets/AAAGame/Scripts/Effect/Resources/GhostTransparent.shader",1904,payload
"Assets/AAAGame/Scripts/Effect/Resources/GhostTransparent.shader.meta",213,meta
"Assets/AAAGame/Scripts/Effect/Resources/HitFlashWhite.shader",2216,payload
"Assets/AAAGame/Scripts/Effect/Resources/HitFlashWhite.shader.meta",240,meta
"Assets/AAAGame/Scripts/Effect/Resources/UnitDeathVFXParticle.shader",2325,payload
"Assets/AAAGame/Scripts/Effect/Resources/UnitDeathVFXParticle.shader.meta",213,meta
"Assets/AAAGame/Scripts/Effect/UnitDeathDissolveEffect.cs",35208,payload
"Assets/AAAGame/Scripts/Effect/UnitDeathDissolveEffect.cs.meta",254,meta
"Assets/AAAGame/Scripts/Effect/UnitOutline.cs",4396,payload
"Assets/AAAGame/Scripts/Effect/UnitOutline.cs.meta",254,meta
"Assets/AAAGame/Scripts/Effect/UnitOutlineConfigSO.cs",739,payload
"Assets/AAAGame/Scripts/Effect/UnitOutlineConfigSO.cs.meta",254,meta
"Assets/AAAGame/Scripts/Effect/WeaponAttackEffect.meta",180,meta
"Assets/AAAGame/Scripts/Effect/WeaponAttackEffect/WeaponAttackTrailAdditive.shader",2060,payload
"Assets/AAAGame/Scripts/Effect/WeaponAttackEffect/WeaponAttackTrailAdditive.shader.meta",240,meta
"Assets/AAAGame/Scripts/Effect/WeaponAttackEffect/WeaponAttackTrailEffect.cs",15975,payload
"Assets/AAAGame/Scripts/Effect/WeaponAttackEffect/WeaponAttackTrailEffect.cs.meta",254,meta
"Assets/AAAGame/Scripts/Effect/WeaponAttackEffect/WeaponAttackTrailMaterial.mat",1613,payload
"Assets/AAAGame/Scripts/Effect/WeaponAttackEffect/WeaponAttackTrailMaterial.mat.meta",196,meta
"Assets/AAAGame/Scripts/Effects.meta",180,meta
"Assets/AAAGame/Scripts/Effects/CanTrailRenderer.cs",4075,payload
"Assets/AAAGame/Scripts/Effects/CanTrailRenderer.cs.meta",254,meta
"Assets/AAAGame/Scripts/Entity.meta",180,meta
"Assets/AAAGame/Scripts/Entity/AIBrainDebugger.cs",1348,payload
"Assets/AAAGame/Scripts/Entity/AIBrainDebugger.cs.meta",88,meta
"Assets/AAAGame/Scripts/Entity/BrainFactory.cs",1256,payload
"Assets/AAAGame/Scripts/Entity/BrainFactory.cs.meta",88,meta
"Assets/AAAGame/Scripts/Entity/BuildingAIBrain.cs",1652,payload
"Assets/AAAGame/Scripts/Entity/BuildingAIBrain.cs.meta",254,meta
"Assets/AAAGame/Scripts/Entity/BuildingEntity.cs",30563,payload
"Assets/AAAGame/Scripts/Entity/BuildingEntity.cs.meta",254,meta
"Assets/AAAGame/Scripts/Entity/BuildingEntity.Visual.cs",13245,payload
"Assets/AAAGame/Scripts/Entity/BuildingEntity.Visual.cs.meta",254,meta
"Assets/AAAGame/Scripts/Entity/CharacterEntity.cs",1576,payload
"Assets/AAAGame/Scripts/Entity/CharacterEntity.cs.meta",88,meta
"Assets/AAAGame/Scripts/Entity/Core.meta",180,meta
"Assets/AAAGame/Scripts/Entity/Core/BillboardEntity.cs",1718,payload
"Assets/AAAGame/Scripts/Entity/Core/BillboardEntity.cs.meta",254,meta
"Assets/AAAGame/Scripts/Entity/Core/BillboardMonoBehaviour.cs",1103,payload
"Assets/AAAGame/Scripts/Entity/Core/BillboardMonoBehaviour.cs.meta",254,meta
"Assets/AAAGame/Scripts/Entity/Core/EntityBase.cs",8880,payload
"Assets/AAAGame/Scripts/Entity/Core/EntityBase.cs.meta",254,meta
"Assets/AAAGame/Scripts/Entity/Core/EntityParams.cs",4329,payload
"Assets/AAAGame/Scripts/Entity/Core/EntityParams.cs.meta",254,meta
"Assets/AAAGame/Scripts/Entity/Core/LogicEntityId.cs",5804,payload
"Assets/AAAGame/Scripts/Entity/Core/LogicEntityId.cs.meta",243,meta
"Assets/AAAGame/Scripts/Entity/Core/ParticleEntity.cs",1211,payload
"Assets/AAAGame/Scripts/Entity/Core/ParticleEntity.cs.meta",254,meta
"Assets/AAAGame/Scripts/Entity/Core/SampleEntity.cs",190,payload
"Assets/AAAGame/Scripts/Entity/Core/SampleEntity.cs.meta",254,meta
"Assets/AAAGame/Scripts/Entity/Effect.meta",180,meta
"Assets/AAAGame/Scripts/Entity/EnemyAIBrain.cs",3529,payload
"Assets/AAAGame/Scripts/Entity/EnemyAIBrain.cs.meta",88,meta
"Assets/AAAGame/Scripts/Entity/EnemyStrongholdFogParticleBaseline.cs",2686,payload
"Assets/AAAGame/Scripts/Entity/EnemyStrongholdFogParticleBaseline.cs.meta",243,meta
"Assets/AAAGame/Scripts/Entity/EntityContextExtensions.cs",4599,payload
"Assets/AAAGame/Scripts/Entity/EntityContextExtensions.cs.meta",254,meta
"Assets/AAAGame/Scripts/Entity/EntityRegistry.cs",3974,payload
"Assets/AAAGame/Scripts/Entity/EntityRegistry.cs.meta",254,meta
"Assets/AAAGame/Scripts/Entity/FriendlyAIBrain.cs",2266,payload
"Assets/AAAGame/Scripts/Entity/FriendlyAIBrain.cs.meta",88,meta
"Assets/AAAGame/Scripts/Entity/HeroEntity.cs",25514,payload
"Assets/AAAGame/Scripts/Entity/HeroEntity.cs.meta",254,meta
"Assets/AAAGame/Scripts/Entity/IControlBrain.cs",731,payload
"Assets/AAAGame/Scripts/Entity/IControlBrain.cs.meta",88,meta
"Assets/AAAGame/Scripts/Entity/LevelEntity.cs",36803,payload
"Assets/AAAGame/Scripts/Entity/LevelEntity.cs.meta",254,meta
"Assets/AAAGame/Scripts/Entity/LevelEntity.EnemyStrongholdFog.cs",14997,payload
"Assets/AAAGame/Scripts/Entity/LevelEntity.EnemyStrongholdFog.cs.meta",254,meta
"Assets/AAAGame/Scripts/Entity/LevelEntityFactory.cs",269,payload
"Assets/AAAGame/Scripts/Entity/LevelEntityFactory.cs.meta",254,meta
"Assets/AAAGame/Scripts/Entity/LogicBuildingConfigurator.cs",9442,payload
"Assets/AAAGame/Scripts/Entity/LogicBuildingConfigurator.cs.meta",257,meta
"Assets/AAAGame/Scripts/Entity/LogicCombatShape.cs",14665,payload
"Assets/AAAGame/Scripts/Entity/LogicCombatShape.cs.meta",254,meta
"Assets/AAAGame/Scripts/Entity/LogicEntityFrameSnapshot.cs",13837,payload
"Assets/AAAGame/Scripts/Entity/LogicEntityFrameSnapshot.cs.meta",243,meta
"Assets/AAAGame/Scripts/Entity/LogicEntityLifecycleService.cs",32869,payload
"Assets/AAAGame/Scripts/Entity/LogicEntityLifecycleService.cs.meta",243,meta
"Assets/AAAGame/Scripts/Entity/LogicEntityState.cs",58100,payload
"Assets/AAAGame/Scripts/Entity/LogicEntityState.cs.meta",60,meta
"Assets/AAAGame/Scripts/Entity/LogicEntityViewSpawnQueue.cs",14662,payload
"Assets/AAAGame/Scripts/Entity/LogicEntityViewSpawnQueue.cs.meta",62,meta
"Assets/AAAGame/Scripts/Entity/LogicUnitConfigurator.cs",13098,payload
"Assets/AAAGame/Scripts/Entity/LogicUnitConfigurator.cs.meta",243,meta
"Assets/AAAGame/Scripts/Entity/MAEntity.cs",41518,payload
"Assets/AAAGame/Scripts/Entity/MAEntity.cs.meta",254,meta
"Assets/AAAGame/Scripts/Entity/MAEntityFactory.cs",16468,payload
"Assets/AAAGame/Scripts/Entity/MAEntityFactory.cs.meta",254,meta
"Assets/AAAGame/Scripts/Entity/MAEntityLogicFrameSystem.cs",10753,payload
"Assets/AAAGame/Scripts/Entity/MAEntityLogicFrameSystem.cs.meta",243,meta
"Assets/AAAGame/Scripts/Entity/PlayerBrain.cs",701,payload
"Assets/AAAGame/Scripts/Entity/PlayerBrain.cs.meta",88,meta
"Assets/AAAGame/Scripts/Entity/PunchBagEntity.cs",193,payload
"Assets/AAAGame/Scripts/Entity/PunchBagEntity.cs.meta",254,meta
"Assets/AAAGame/Scripts/Entity/SkillEntity.cs",2506,payload
"Assets/AAAGame/Scripts/Entity/SkillEntity.cs.meta",254,meta
"Assets/AAAGame/Scripts/Entity/SoldierEntity.cs",3573,payload
"Assets/AAAGame/Scripts/Entity/SoldierEntity.cs.meta",254,meta
"Assets/AAAGame/Scripts/Entity/SoldierEntityDeathEffect.cs",263,payload
"Assets/AAAGame/Scripts/Entity/SoldierEntityDeathEffect.cs.meta",254,meta
"Assets/AAAGame/Scripts/Entity/SoldierFactory.cs",24237,payload
"Assets/AAAGame/Scripts/Entity/SoldierFactory.cs.meta",254,meta
"Assets/AAAGame/Scripts/EventArgs.meta",180,meta
"Assets/AAAGame/Scripts/EventArgs/ArmyBuildingCardPropertyChangedEventArgs.cs",1348,payload
"Assets/AAAGame/Scripts/EventArgs/ArmyBuildingCardPropertyChangedEventArgs.cs.meta",254,meta
"Assets/AAAGame/Scripts/EventArgs/BuildingDisabledStateChangedEventArgs.cs",925,payload
"Assets/AAAGame/Scripts/EventArgs/BuildingDisabledStateChangedEventArgs.cs.meta",254,meta
"Assets/AAAGame/Scripts/EventArgs/CloseSideTipEventArgs.cs",575,payload
"Assets/AAAGame/Scripts/EventArgs/CloseSideTipEventArgs.cs.meta",254,meta
"Assets/AAAGame/Scripts/EventArgs/CreatureHealedEventArgs.cs",702,payload
"Assets/AAAGame/Scripts/EventArgs/CreatureHealedEventArgs.cs.meta",254,meta
"Assets/AAAGame/Scripts/EventArgs/CreatureHealthChangedEventArgs.cs",1143,payload
"Assets/AAAGame/Scripts/EventArgs/CreatureHealthChangedEventArgs.cs.meta",254,meta
"Assets/AAAGame/Scripts/EventArgs/EnemyUnitVisibilityChangedEventArgs.cs",1154,payload
"Assets/AAAGame/Scripts/EventArgs/EnemyUnitVisibilityChangedEventArgs.cs.meta",254,meta
"Assets/AAAGame/Scripts/EventArgs/EntityFactionChangedEventArgs.cs",1040,payload
"Assets/AAAGame/Scripts/EventArgs/EntityFactionChangedEventArgs.cs.meta",254,meta
"Assets/AAAGame/Scripts/EventArgs/GameEndResultEventArgs.cs",1031,payload
"Assets/AAAGame/Scripts/EventArgs/GameEndResultEventArgs.cs.meta",254,meta
"Assets/AAAGame/Scripts/EventArgs/GameplayEventArgs.cs",805,payload
"Assets/AAAGame/Scripts/EventArgs/GameplayEventArgs.cs.meta",254,meta
"Assets/AAAGame/Scripts/EventArgs/GFEventArgs.cs",727,payload
"Assets/AAAGame/Scripts/EventArgs/GFEventArgs.cs.meta",254,meta
"Assets/AAAGame/Scripts/EventArgs/IngamePhaseChangedEventArgs.cs",798,payload
"Assets/AAAGame/Scripts/EventArgs/IngamePhaseChangedEventArgs.cs.meta",254,meta
"Assets/AAAGame/Scripts/EventArgs/IngameValueChangedEventArgs.cs",905,payload
"Assets/AAAGame/Scripts/EventArgs/IngameValueChangedEventArgs.cs.meta",254,meta
"Assets/AAAGame/Scripts/EventArgs/InteractionFocusChangedEventArgs.cs",652,payload
"Assets/AAAGame/Scripts/EventArgs/InteractionFocusChangedEventArgs.cs.meta",254,meta
"Assets/AAAGame/Scripts/EventArgs/InteractionOptionTriggeredEventArgs.cs",788,payload
"Assets/AAAGame/Scripts/EventArgs/InteractionOptionTriggeredEventArgs.cs.meta",254,meta
"Assets/AAAGame/Scripts/EventArgs/ItemAmountChangedEventArgs.cs",918,payload
"Assets/AAAGame/Scripts/EventArgs/ItemAmountChangedEventArgs.cs.meta",254,meta
"Assets/AAAGame/Scripts/EventArgs/LevelObjectivesChangedEventArgs.cs",469,payload
"Assets/AAAGame/Scripts/EventArgs/LevelObjectivesChangedEventArgs.cs.meta",254,meta
"Assets/AAAGame/Scripts/EventArgs/PlayerDataChangedEventArgs.cs",899,payload
"Assets/AAAGame/Scripts/EventArgs/PlayerDataChangedEventArgs.cs.meta",254,meta
"Assets/AAAGame/Scripts/EventArgs/ProfileDataChangedEventArgs.cs",905,payload
"Assets/AAAGame/Scripts/EventArgs/ProfileDataChangedEventArgs.cs.meta",254,meta
"Assets/AAAGame/Scripts/EventArgs/Skill.meta",180,meta
"Assets/AAAGame/Scripts/EventArgs/Skill/SkillChangedEventArgs.cs",756,payload
"Assets/AAAGame/Scripts/EventArgs/Skill/SkillChangedEventArgs.cs.meta",254,meta
"Assets/AAAGame/Scripts/EventArgs/SoldierDeadEventArgs.cs",2354,payload
"Assets/AAAGame/Scripts/EventArgs/SoldierDeadEventArgs.cs.meta",254,meta
"Assets/AAAGame/Scripts/EventArgs/Tech.meta",180,meta
"Assets/AAAGame/Scripts/EventArgs/Tech/TechUnlockedEventArgs.cs",1075,payload
"Assets/AAAGame/Scripts/EventArgs/Tech/TechUnlockedEventArgs.cs.meta",254,meta
"Assets/AAAGame/Scripts/EventArgs/TutorialObjectivesChangedEventArgs.cs",481,payload
"Assets/AAAGame/Scripts/EventArgs/TutorialObjectivesChangedEventArgs.cs.meta",243,meta
"Assets/AAAGame/Scripts/Extension.meta",180,meta
"Assets/AAAGame/Scripts/Extension/AD.meta",180,meta
"Assets/AAAGame/Scripts/Extension/AD/ADComponent.cs",18310,payload
"Assets/AAAGame/Scripts/Extension/AD/ADComponent.cs.meta",254,meta
"Assets/AAAGame/Scripts/Extension/AD/AdSdkHelper.cs",2635,payload
"Assets/AAAGame/Scripts/Extension/AD/AdSdkHelper.cs.meta",254,meta
"Assets/AAAGame/Scripts/Extension/AD/ApplovinMaxSdkHelper.cs",4748,payload
"Assets/AAAGame/Scripts/Extension/AD/ApplovinMaxSdkHelper.cs.meta",254,meta
"Assets/AAAGame/Scripts/Extension/AD/SimpleJoystick.cs",3740,payload
"Assets/AAAGame/Scripts/Extension/AD/SimpleJoystick.cs.meta",254,meta
"Assets/AAAGame/Scripts/Extension/Animation.meta",180,meta
"Assets/AAAGame/Scripts/Extension/Animation/AnimationExtension.cs",1228,payload
"Assets/AAAGame/Scripts/Extension/Animation/AnimationExtension.cs.meta",254,meta
"Assets/AAAGame/Scripts/Extension/AwaitExtension.meta",180,meta
"Assets/AAAGame/Scripts/Extension/AwaitExtension/AwaitExtension.cs",20857,payload
"Assets/AAAGame/Scripts/Extension/AwaitExtension/AwaitExtension.cs.meta",88,meta
"Assets/AAAGame/Scripts/Extension/AwaitExtension/AwaitParams.cs",618,payload
"Assets/AAAGame/Scripts/Extension/AwaitExtension/AwaitParams.cs.meta",88,meta
"Assets/AAAGame/Scripts/Extension/AwaitExtension/DownloadResult.cs",972,payload
"Assets/AAAGame/Scripts/Extension/AwaitExtension/DownloadResult.cs.meta",88,meta
"Assets/AAAGame/Scripts/Extension/AwaitExtension/WebRequestResult.cs",1355,payload
"Assets/AAAGame/Scripts/Extension/AwaitExtension/WebRequestResult.cs.meta",88,meta
"Assets/AAAGame/Scripts/Extension/ConfigExtension.cs",3004,payload
"Assets/AAAGame/Scripts/Extension/ConfigExtension.cs.meta",254,meta
"Assets/AAAGame/Scripts/Extension/CustomClass.meta",180,meta
"Assets/AAAGame/Scripts/Extension/CustomClass/Fix64.cs",33805,payload
"Assets/AAAGame/Scripts/Extension/CustomClass/Fix64.cs.meta",254,meta
"Assets/AAAGame/Scripts/Extension/CustomClass/StringFix64Pair.cs",1978,payload
"Assets/AAAGame/Scripts/Extension/CustomClass/StringFix64Pair.cs.meta",254,meta
"Assets/AAAGame/Scripts/Extension/CustomClass/StringIntPair.cs",924,payload
"Assets/AAAGame/Scripts/Extension/CustomClass/StringIntPair.cs.meta",254,meta
"Assets/AAAGame/Scripts/Extension/DataModel.meta",180,meta
"Assets/AAAGame/Scripts/Extension/DataModel/DataModelBase.cs",1262,payload
"Assets/AAAGame/Scripts/Extension/DataModel/DataModelBase.cs.meta",254,meta
"Assets/AAAGame/Scripts/Extension/DataModel/DataModelComponent.cs",19315,payload
"Assets/AAAGame/Scripts/Extension/DataModel/DataModelComponent.cs.meta",254,meta
"Assets/AAAGame/Scripts/Extension/DataModel/DataModelStorageBase.cs",1656,payload
"Assets/AAAGame/Scripts/Extension/DataModel/DataModelStorageBase.cs.meta",254,meta
"Assets/AAAGame/Scripts/Extension/DataModel/TypeIdPair.cs",3285,payload
"Assets/AAAGame/Scripts/Extension/DataModel/TypeIdPair.cs.meta",254,meta
"Assets/AAAGame/Scripts/Extension/DataTableExtension.cs",30445,payload
"Assets/AAAGame/Scripts/Extension/DataTableExtension.cs.meta",254,meta
"Assets/AAAGame/Scripts/Extension/DOTweenExtension.cs",1528,payload
"Assets/AAAGame/Scripts/Extension/DOTweenExtension.cs.meta",254,meta
"Assets/AAAGame/Scripts/Extension/EntityExtension.cs",13936,payload
"Assets/AAAGame/Scripts/Extension/EntityExtension.cs.meta",254,meta
"Assets/AAAGame/Scripts/Extension/GF.cs",1874,payload
"Assets/AAAGame/Scripts/Extension/GF.cs.meta",254,meta
"Assets/AAAGame/Scripts/Extension/LocalizationExtension.cs",1402,payload
"Assets/AAAGame/Scripts/Extension/LocalizationExtension.cs.meta",254,meta
"Assets/AAAGame/Scripts/Extension/ResourceExtension.cs",772,payload
"Assets/AAAGame/Scripts/Extension/ResourceExtension.cs.meta",254,meta
"Assets/AAAGame/Scripts/Extension/SettingExtension.cs",3996,payload
"Assets/AAAGame/Scripts/Extension/SettingExtension.cs.meta",254,meta
"Assets/AAAGame/Scripts/Extension/SoundExtension.cs",2918,payload
"Assets/AAAGame/Scripts/Extension/SoundExtension.cs.meta",254,meta
"Assets/AAAGame/Scripts/Extension/StaticUIComponent.cs",2025,payload
"Assets/AAAGame/Scripts/Extension/StaticUIComponent.cs.meta",254,meta
"Assets/AAAGame/Scripts/Extension/TransformExtension.cs",1398,payload
"Assets/AAAGame/Scripts/Extension/TransformExtension.cs.meta",254,meta
"Assets/AAAGame/Scripts/Extension/UIExtension.cs",29969,payload
"Assets/AAAGame/Scripts/Extension/UIExtension.cs.meta",254,meta
"Assets/AAAGame/Scripts/Extension/UtilityEx.cs",1058,payload
"Assets/AAAGame/Scripts/Extension/UtilityEx.cs.meta",254,meta
"Assets/AAAGame/Scripts/Extension/Variable.meta",180,meta
"Assets/AAAGame/Scripts/Extension/Variable/VarAction.cs",923,payload
"Assets/AAAGame/Scripts/Extension/Variable/VarAction.cs.meta",254,meta
"Assets/AAAGame/Scripts/Extension/Variable/VarFloat.cs",821,payload
"Assets/AAAGame/Scripts/Extension/Variable/VarFloat.cs.meta",254,meta
"Assets/AAAGame/Scripts/Extension/Variable/VarVector3Array.cs",567,payload
"Assets/AAAGame/Scripts/Extension/Variable/VarVector3Array.cs.meta",254,meta
"Assets/AAAGame/Scripts/Extension/VariablePool.meta",180,meta
"Assets/AAAGame/Scripts/Extension/VariablePool/VariablePoolComponent.cs",7202,payload
"Assets/AAAGame/Scripts/Extension/VariablePool/VariablePoolComponent.cs.meta",254,meta
"Assets/AAAGame/Scripts/GameClass.meta",180,meta
"Assets/AAAGame/Scripts/GameClass/AnimationRatePresenter.cs",2235,payload
"Assets/AAAGame/Scripts/GameClass/AnimationRatePresenter.cs.meta",87,meta
"Assets/AAAGame/Scripts/GameClass/CareerConfigRuntime.cs",19521,payload
"Assets/AAAGame/Scripts/GameClass/CareerConfigRuntime.cs.meta",243,meta
"Assets/AAAGame/Scripts/GameClass/CareerRunSettings.cs",8796,payload
"Assets/AAAGame/Scripts/GameClass/CareerRunSettings.cs.meta",243,meta
"Assets/AAAGame/Scripts/GameClass/CareerRuntimeEffects.cs",6539,payload
"Assets/AAAGame/Scripts/GameClass/CareerRuntimeEffects.cs.meta",243,meta
"Assets/AAAGame/Scripts/GameClass/CareerTypes.cs",309,payload
"Assets/AAAGame/Scripts/GameClass/CareerTypes.cs.meta",243,meta
"Assets/AAAGame/Scripts/GameClass/DefendPhaseRuntime.cs",53199,payload
"Assets/AAAGame/Scripts/GameClass/DefendPhaseRuntime.cs.meta",254,meta
"Assets/AAAGame/Scripts/GameClass/DeterministicProgressAccumulator.cs",2334,payload
"Assets/AAAGame/Scripts/GameClass/DeterministicProgressAccumulator.cs.meta",243,meta
"Assets/AAAGame/Scripts/GameClass/EditorLogicRuntimeStressGate.cs",58916,payload
"Assets/AAAGame/Scripts/GameClass/EditorLogicRuntimeStressGate.cs.meta",254,meta
"Assets/AAAGame/Scripts/GameClass/Faction.cs",274,payload
"Assets/AAAGame/Scripts/GameClass/Faction.cs.meta",254,meta
"Assets/AAAGame/Scripts/GameClass/GameEndManager.cs",9535,payload
"Assets/AAAGame/Scripts/GameClass/GameEndManager.cs.meta",254,meta
"Assets/AAAGame/Scripts/GameClass/ILogicDeterministicStateContributor.cs",1148,payload
"Assets/AAAGame/Scripts/GameClass/ILogicDeterministicStateContributor.cs.meta",243,meta
"Assets/AAAGame/Scripts/GameClass/KeepsakeRuntime.cs",7464,payload
"Assets/AAAGame/Scripts/GameClass/KeepsakeRuntime.cs.meta",243,meta
"Assets/AAAGame/Scripts/GameClass/LevelData.cs",6991,payload
"Assets/AAAGame/Scripts/GameClass/LevelData.cs.meta",254,meta
"Assets/AAAGame/Scripts/GameClass/LevelSelectionService.cs",10544,payload
"Assets/AAAGame/Scripts/GameClass/LevelSelectionService.cs.meta",254,meta
"Assets/AAAGame/Scripts/GameClass/LevelStartingIndustryService.cs",2002,payload
"Assets/AAAGame/Scripts/GameClass/LevelStartingIndustryService.cs.meta",243,meta
"Assets/AAAGame/Scripts/GameClass/LevelTagRuntime.cs",38131,payload
"Assets/AAAGame/Scripts/GameClass/LevelTagRuntime.cs.meta",254,meta
"Assets/AAAGame/Scripts/GameClass/LogicBuildingProductionService.cs",16535,payload
"Assets/AAAGame/Scripts/GameClass/LogicBuildingProductionService.cs.meta",254,meta
"Assets/AAAGame/Scripts/GameClass/LogicDeterminismCorpus.cs",5180,payload
"Assets/AAAGame/Scripts/GameClass/LogicDeterminismCorpus.cs.meta",243,meta
"Assets/AAAGame/Scripts/GameClass/LogicDeterminismCorpusRunner.cs",2070,payload
"Assets/AAAGame/Scripts/GameClass/LogicDeterminismCorpusRunner.cs.meta",243,meta
"Assets/AAAGame/Scripts/GameClass/LogicFrameClock.cs",5267,payload
"Assets/AAAGame/Scripts/GameClass/LogicFrameClock.cs.meta",254,meta
"Assets/AAAGame/Scripts/GameClass/LogicFrameRuntime.cs",14565,payload
"Assets/AAAGame/Scripts/GameClass/LogicFrameRuntime.cs.meta",254,meta
"Assets/AAAGame/Scripts/GameClass/LogicGameEndService.cs",28062,payload
"Assets/AAAGame/Scripts/GameClass/LogicGameEndService.cs.meta",254,meta
"Assets/AAAGame/Scripts/GameClass/LogicGameplayStateDigest.cs",2180,payload
"Assets/AAAGame/Scripts/GameClass/LogicGameplayStateDigest.cs.meta",243,meta
"Assets/AAAGame/Scripts/GameClass/LogicGameplayStateHasher.cs",17785,payload
"Assets/AAAGame/Scripts/GameClass/LogicGameplayStateHasher.cs.meta",254,meta
"Assets/AAAGame/Scripts/GameClass/LogicInGameValueCommandService.cs",9399,payload
"Assets/AAAGame/Scripts/GameClass/LogicInGameValueCommandService.cs.meta",62,meta
"Assets/AAAGame/Scripts/GameClass/LogicInteractionCommandService.cs",16753,payload
"Assets/AAAGame/Scripts/GameClass/LogicInteractionCommandService.cs.meta",60,meta
"Assets/AAAGame/Scripts/GameClass/LogicInteractionTargetStateService.cs",3923,payload
"Assets/AAAGame/Scripts/GameClass/LogicInteractionTargetStateService.cs.meta",60,meta
"Assets/AAAGame/Scripts/GameClass/LogicPausedOperationService.cs",2771,payload
"Assets/AAAGame/Scripts/GameClass/LogicPausedOperationService.cs.meta",254,meta
"Assets/AAAGame/Scripts/GameClass/LogicPhaseCommandService.cs",13226,payload
"Assets/AAAGame/Scripts/GameClass/LogicPhaseCommandService.cs.meta",243,meta
"Assets/AAAGame/Scripts/GameClass/LogicProductionConditionState.cs",8253,payload
"Assets/AAAGame/Scripts/GameClass/LogicProductionConditionState.cs.meta",254,meta
"Assets/AAAGame/Scripts/GameClass/LogicReplay.cs",45406,payload
"Assets/AAAGame/Scripts/GameClass/LogicReplay.cs.meta",254,meta
"Assets/AAAGame/Scripts/GameClass/LogicRuntimeDataTableCache.cs",12589,payload
"Assets/AAAGame/Scripts/GameClass/LogicRuntimeDataTableCache.cs.meta",60,meta
"Assets/AAAGame/Scripts/GameClass/LogicStrongholdMap.cs",21875,payload
"Assets/AAAGame/Scripts/GameClass/LogicStrongholdMap.cs.meta",254,meta
"Assets/AAAGame/Scripts/GameClass/LogicTechEffectCommandService.cs",15962,payload
"Assets/AAAGame/Scripts/GameClass/LogicTechEffectCommandService.cs.meta",84,meta
"Assets/AAAGame/Scripts/GameClass/LogicTeleportCommandService.cs",11414,payload
"Assets/AAAGame/Scripts/GameClass/LogicTeleportCommandService.cs.meta",243,meta
"Assets/AAAGame/Scripts/GameClass/LogicTimeControlService.cs",27422,payload
"Assets/AAAGame/Scripts/GameClass/LogicTimeControlService.cs.meta",62,meta
"Assets/AAAGame/Scripts/GameClass/PhaseManager.cs",24912,payload
"Assets/AAAGame/Scripts/GameClass/PhaseManager.cs.meta",254,meta
"Assets/AAAGame/Scripts/GameClass/ProductionConditionManager.cs",2453,payload
"Assets/AAAGame/Scripts/GameClass/ProductionConditionManager.cs.meta",254,meta
"Assets/AAAGame/Scripts/GameClass/ProductionType.cs",861,payload
"Assets/AAAGame/Scripts/GameClass/ProductionType.cs.meta",254,meta
"Assets/AAAGame/Scripts/GameClass/StageCheckpointService.cs",26661,payload
"Assets/AAAGame/Scripts/GameClass/StageCheckpointService.cs.meta",243,meta
"Assets/AAAGame/Scripts/GameClass/Stronghold.cs",411,payload
"Assets/AAAGame/Scripts/GameClass/Stronghold.cs.meta",254,meta
"Assets/AAAGame/Scripts/GameClass/TeleportationPointService.cs",3244,payload
"Assets/AAAGame/Scripts/GameClass/TeleportationPointService.cs.meta",243,meta
"Assets/AAAGame/Scripts/GameClass/Types.cs",529,payload
"Assets/AAAGame/Scripts/GameClass/Types.cs.meta",254,meta
"Assets/AAAGame/Scripts/GameClass/UnitTag.cs",134,payload
"Assets/AAAGame/Scripts/GameClass/UnitTag.cs.meta",254,meta
"Assets/AAAGame/Scripts/GeneralCreature.meta",180,meta
"Assets/AAAGame/Scripts/GeneralCreature/BaseWeaponSO.cs",948,payload
"Assets/AAAGame/Scripts/GeneralCreature/BaseWeaponSO.cs.meta",254,meta
"Assets/AAAGame/Scripts/GeneralCreature/BattleEntity.cs",195,payload
"Assets/AAAGame/Scripts/GeneralCreature/BattleEntity.cs.meta",254,meta
"Assets/AAAGame/Scripts/GeneralCreature/CompCreature.cs",1846,payload
"Assets/AAAGame/Scripts/GeneralCreature/CompCreature.cs.meta",254,meta
"Assets/AAAGame/Scripts/GeneralCreature/DirectAtkComp.cs",36538,payload
"Assets/AAAGame/Scripts/GeneralCreature/DirectAtkComp.cs.meta",254,meta
"Assets/AAAGame/Scripts/GeneralCreature/DirectAtkCompFactory.cs",1440,payload
"Assets/AAAGame/Scripts/GeneralCreature/DirectAtkCompFactory.cs.meta",251,meta
"Assets/AAAGame/Scripts/GeneralCreature/DisplacementForceUtility.cs",3022,payload
"Assets/AAAGame/Scripts/GeneralCreature/DisplacementForceUtility.cs.meta",251,meta
"Assets/AAAGame/Scripts/GeneralCreature/DisplacementTetherPresenter.cs",3153,payload
"Assets/AAAGame/Scripts/GeneralCreature/DisplacementTetherPresenter.cs.meta",251,meta
"Assets/AAAGame/Scripts/GeneralCreature/DurationMoveEffectComp.cs",19723,payload
"Assets/AAAGame/Scripts/GeneralCreature/DurationMoveEffectComp.cs.meta",85,meta
"Assets/AAAGame/Scripts/GeneralCreature/FactoryHelper.cs",7272,payload
"Assets/AAAGame/Scripts/GeneralCreature/FactoryHelper.cs.meta",254,meta
"Assets/AAAGame/Scripts/GeneralCreature/GeneralCreature.cs",5061,payload
"Assets/AAAGame/Scripts/GeneralCreature/GeneralCreature.cs.meta",254,meta
"Assets/AAAGame/Scripts/GeneralCreature/HealthContainer.cs",1225,payload
"Assets/AAAGame/Scripts/GeneralCreature/HealthContainer.cs.meta",254,meta
"Assets/AAAGame/Scripts/GeneralCreature/IAtkComp.cs",453,payload
"Assets/AAAGame/Scripts/GeneralCreature/IAtkComp.cs.meta",85,meta
"Assets/AAAGame/Scripts/GeneralCreature/IDurationMoveEffectComp.cs",1256,payload
"Assets/AAAGame/Scripts/GeneralCreature/IDurationMoveEffectComp.cs.meta",85,meta
"Assets/AAAGame/Scripts/GeneralCreature/IEntityContext.cs",3967,payload
"Assets/AAAGame/Scripts/GeneralCreature/IEntityContext.cs.meta",254,meta
"Assets/AAAGame/Scripts/GeneralCreature/IMoveComp.cs",670,payload
"Assets/AAAGame/Scripts/GeneralCreature/IMoveComp.cs.meta",85,meta
"Assets/AAAGame/Scripts/GeneralCreature/IMoveExecutor.cs",983,payload
"Assets/AAAGame/Scripts/GeneralCreature/IMoveExecutor.cs.meta",254,meta
"Assets/AAAGame/Scripts/GeneralCreature/ITargetingComp.cs",1707,payload
"Assets/AAAGame/Scripts/GeneralCreature/ITargetingComp.cs.meta",88,meta
"Assets/AAAGame/Scripts/GeneralCreature/LogicMoveExecutor.cs",6285,payload
"Assets/AAAGame/Scripts/GeneralCreature/LogicMoveExecutor.cs.meta",60,meta
"Assets/AAAGame/Scripts/GeneralCreature/MeleeWeaponSO.cs",648,payload
"Assets/AAAGame/Scripts/GeneralCreature/MeleeWeaponSO.cs.meta",254,meta
"Assets/AAAGame/Scripts/GeneralCreature/MoveExecutor.cs",24237,payload
"Assets/AAAGame/Scripts/GeneralCreature/MoveExecutor.cs.meta",254,meta
"Assets/AAAGame/Scripts/GeneralCreature/NoAtkComp.cs",429,payload
"Assets/AAAGame/Scripts/GeneralCreature/NoAtkComp.cs.meta",85,meta
"Assets/AAAGame/Scripts/GeneralCreature/NoAtkFactory.cs",770,payload
"Assets/AAAGame/Scripts/GeneralCreature/NoAtkFactory.cs.meta",85,meta
"Assets/AAAGame/Scripts/GeneralCreature/NoMoveComp.cs",652,payload
"Assets/AAAGame/Scripts/GeneralCreature/NoMoveComp.cs.meta",85,meta
"Assets/AAAGame/Scripts/GeneralCreature/NoMoveFactory.cs",774,payload
"Assets/AAAGame/Scripts/GeneralCreature/NoMoveFactory.cs.meta",85,meta
"Assets/AAAGame/Scripts/GeneralCreature/NoTargetingComp.cs",808,payload
"Assets/AAAGame/Scripts/GeneralCreature/NoTargetingComp.cs.meta",88,meta
"Assets/AAAGame/Scripts/GeneralCreature/NoTargetingFactory.cs",1007,payload
"Assets/AAAGame/Scripts/GeneralCreature/NoTargetingFactory.cs.meta",88,meta
"Assets/AAAGame/Scripts/GeneralCreature/RangedWeaponSO.cs",3655,payload
"Assets/AAAGame/Scripts/GeneralCreature/RangedWeaponSO.cs.meta",254,meta
"Assets/AAAGame/Scripts/GeneralCreature/TimedEffect.cs",349,payload
"Assets/AAAGame/Scripts/GeneralCreature/TimedEffect.cs.meta",85,meta
"Assets/AAAGame/Scripts/GeneralCreature/UnitWeaponSOOverrideConfig.cs",3684,payload
"Assets/AAAGame/Scripts/GeneralCreature/UnitWeaponSOOverrideConfig.cs.meta",254,meta
"Assets/AAAGame/Scripts/GeneralCreature/Weapon.cs",4660,payload
"Assets/AAAGame/Scripts/GeneralCreature/Weapon.cs.meta",254,meta
"Assets/AAAGame/Scripts/GeneralCreature/WeaponComp.cs",2379,payload
"Assets/AAAGame/Scripts/GeneralCreature/WeaponComp.cs.meta",254,meta
"Assets/AAAGame/Scripts/GeneralCreature/WeaponHelper.cs",2980,payload
"Assets/AAAGame/Scripts/GeneralCreature/WeaponHelper.cs.meta",254,meta
"Assets/AAAGame/Scripts/Hotfix.asmdef",926,payload
"Assets/AAAGame/Scripts/Hotfix.asmdef.meta",173,meta
"Assets/AAAGame/Scripts/HotfixEntry.cs",2409,payload
"Assets/AAAGame/Scripts/HotfixEntry.cs.meta",254,meta
"Assets/AAAGame/Scripts/Interaction.meta",180,meta
"Assets/AAAGame/Scripts/Interaction/IInteractionOption.cs",1048,payload
"Assets/AAAGame/Scripts/Interaction/IInteractionOption.cs.meta",254,meta
"Assets/AAAGame/Scripts/Interaction/InteractionHost.cs",12109,payload
"Assets/AAAGame/Scripts/Interaction/InteractionHost.cs.meta",254,meta
"Assets/AAAGame/Scripts/Interaction/InteractionManager.cs",2455,payload
"Assets/AAAGame/Scripts/Interaction/InteractionManager.cs.meta",254,meta
"Assets/AAAGame/Scripts/Interaction/InteractionParams.cs",505,payload
"Assets/AAAGame/Scripts/Interaction/InteractionParams.cs.meta",254,meta
"Assets/AAAGame/Scripts/Interaction/InteractionSetupChecklist.md",2233,payload
"Assets/AAAGame/Scripts/Interaction/InteractionSetupChecklist.md.meta",165,meta
"Assets/AAAGame/Scripts/Interaction/InteractOptionTipsPresenter.cs",10681,payload
"Assets/AAAGame/Scripts/Interaction/InteractOptionTipsPresenter.cs.meta",254,meta
"Assets/AAAGame/Scripts/Interaction/LogicInteractionAuthorityService.cs",11828,payload
"Assets/AAAGame/Scripts/Interaction/LogicInteractionAuthorityService.cs.meta",62,meta
"Assets/AAAGame/Scripts/Interaction/LogicInteractionOptionDescriptor.cs",15004,payload
"Assets/AAAGame/Scripts/Interaction/LogicInteractionOptionDescriptor.cs.meta",253,meta
"Assets/AAAGame/Scripts/Interaction/Options.meta",180,meta
"Assets/AAAGame/Scripts/Interaction/Options/BuildingConstructInteractionOption.cs",1640,payload
"Assets/AAAGame/Scripts/Interaction/Options/BuildingConstructInteractionOption.cs.meta",254,meta
"Assets/AAAGame/Scripts/Interaction/Options/BuildingInfoInteractionOption.cs",1049,payload
"Assets/AAAGame/Scripts/Interaction/Options/BuildingInfoInteractionOption.cs.meta",254,meta
"Assets/AAAGame/Scripts/Interaction/Options/BuildingUpgradeInteractionOption.cs",1750,payload
"Assets/AAAGame/Scripts/Interaction/Options/BuildingUpgradeInteractionOption.cs.meta",254,meta
"Assets/AAAGame/Scripts/Interaction/Options/TechResearchInteractionOption.cs",1509,payload
"Assets/AAAGame/Scripts/Interaction/Options/TechResearchInteractionOption.cs.meta",254,meta
"Assets/AAAGame/Scripts/link.xml",21,payload
"Assets/AAAGame/Scripts/link.xml.meta",165,meta
"Assets/AAAGame/Scripts/MeiyouUtility.meta",180,meta
"Assets/AAAGame/Scripts/MeiyouUtility/AgentTypeHelper.cs",3927,payload
"Assets/AAAGame/Scripts/MeiyouUtility/AgentTypeHelper.cs.meta",254,meta
"Assets/AAAGame/Scripts/MeiyouUtility/EntityCombatTeamHelper.cs",1654,payload
"Assets/AAAGame/Scripts/MeiyouUtility/EntityCombatTeamHelper.cs.meta",254,meta
"Assets/AAAGame/Scripts/MeiyouUtility/EntityPresetPoint.cs",20582,payload
"Assets/AAAGame/Scripts/MeiyouUtility/EntityPresetPoint.cs.meta",254,meta
"Assets/AAAGame/Scripts/MeiyouUtility/EntitySideHelper.cs",1354,payload
"Assets/AAAGame/Scripts/MeiyouUtility/EntitySideHelper.cs.meta",254,meta
"Assets/AAAGame/Scripts/MeiyouUtility/InputGetKeyText.cs",3046,payload
"Assets/AAAGame/Scripts/MeiyouUtility/InputGetKeyText.cs.meta",254,meta
"Assets/AAAGame/Scripts/MeiyouUtility/LocalizationTextManager.cs",11316,payload
"Assets/AAAGame/Scripts/MeiyouUtility/LocalizationTextManager.cs.meta",254,meta
"Assets/AAAGame/Scripts/MeiyouUtility/ObjectiveDestinationService.cs",8356,payload
"Assets/AAAGame/Scripts/MeiyouUtility/ObjectiveDestinationService.cs.meta",243,meta
"Assets/AAAGame/Scripts/MeiyouUtility/PopTextManager.cs",10506,payload
"Assets/AAAGame/Scripts/MeiyouUtility/PopTextManager.cs.meta",254,meta
"Assets/AAAGame/Scripts/MeiyouUtility/RewardManager.cs",16386,payload
"Assets/AAAGame/Scripts/MeiyouUtility/RewardManager.cs.meta",254,meta
"Assets/AAAGame/Scripts/MeiyouUtility/SideTipsManager.cs",6660,payload
"Assets/AAAGame/Scripts/MeiyouUtility/SideTipsManager.cs.meta",254,meta
"Assets/AAAGame/Scripts/MeiyouUtility/SimpleFollowingCamera.cs",1282,payload
"Assets/AAAGame/Scripts/MeiyouUtility/SimpleFollowingCamera.cs.meta",254,meta
"Assets/AAAGame/Scripts/MeiyouUtility/SimplePlayerController.cs",1244,payload
"Assets/AAAGame/Scripts/MeiyouUtility/SimplePlayerController.cs.meta",254,meta
"Assets/AAAGame/Scripts/MeiyouUtility/TutorialManager.cs",35809,payload
"Assets/AAAGame/Scripts/MeiyouUtility/TutorialManager.cs.meta",243,meta
"Assets/AAAGame/Scripts/MeiyouUtility/TutorialObjectiveService.cs",4651,payload
"Assets/AAAGame/Scripts/MeiyouUtility/TutorialObjectiveService.cs.meta",243,meta
"Assets/AAAGame/Scripts/MeiyouUtility/TutorialTriggerCollider.cs",1367,payload
"Assets/AAAGame/Scripts/MeiyouUtility/TutorialTriggerCollider.cs.meta",254,meta
"Assets/AAAGame/Scripts/MeiyouUtility/UI.meta",180,meta
"Assets/AAAGame/Scripts/MeiyouUtility/UI/HoldProgress.cs",3697,payload
"Assets/AAAGame/Scripts/MeiyouUtility/UI/HoldProgress.cs.meta",254,meta
"Assets/AAAGame/Scripts/MeiyouUtility/UI/UIFollowWorldPoint.cs",1877,payload
"Assets/AAAGame/Scripts/MeiyouUtility/UI/UIFollowWorldPoint.cs.meta",254,meta
"Assets/AAAGame/Scripts/MeiyouUtility/UnitTypeHelper.cs",1691,payload
"Assets/AAAGame/Scripts/MeiyouUtility/UnitTypeHelper.cs.meta",254,meta
"Assets/AAAGame/Scripts/MiniMap.meta",180,meta
"Assets/AAAGame/Scripts/MiniMap/调试日志更新.md",4467,payload
"Assets/AAAGame/Scripts/MiniMap/调试日志更新.md.meta",165,meta
"Assets/AAAGame/Scripts/MiniMap/更新说明.md",10067,payload
"Assets/AAAGame/Scripts/MiniMap/更新说明.md.meta",165,meta
"Assets/AAAGame/Scripts/MiniMap/集成清单.md",4578,payload
"Assets/AAAGame/Scripts/MiniMap/集成清单.md.meta",165,meta
"Assets/AAAGame/Scripts/MiniMap/快速修复指南.md",1623,payload
"Assets/AAAGame/Scripts/MiniMap/快速修复指南.md.meta",165,meta
"Assets/AAAGame/Scripts/MiniMap/镂空边框效果说明.md",5143,payload
"Assets/AAAGame/Scripts/MiniMap/镂空边框效果说明.md.meta",165,meta
"Assets/AAAGame/Scripts/MiniMap/摄像机视野框配置指南.md",6796,payload
"Assets/AAAGame/Scripts/MiniMap/摄像机视野框配置指南.md.meta",165,meta
"Assets/AAAGame/Scripts/MiniMap/摄像机视野框问题排查.md",5287,payload
"Assets/AAAGame/Scripts/MiniMap/摄像机视野框问题排查.md.meta",165,meta
"Assets/AAAGame/Scripts/MiniMap/使用示例.md",5387,payload
"Assets/AAAGame/Scripts/MiniMap/使用示例.md.meta",165,meta
"Assets/AAAGame/Scripts/MiniMap/视野框位置错误修复.md",5842,payload
"Assets/AAAGame/Scripts/MiniMap/视野框位置错误修复.md.meta",165,meta
"Assets/AAAGame/Scripts/MiniMap/小地图系统实现指南.md",17300,payload
"Assets/AAAGame/Scripts/MiniMap/小地图系统实现指南.md.meta",165,meta
"Assets/AAAGame/Scripts/MiniMap/最终修复方案.md",2501,payload
"Assets/AAAGame/Scripts/MiniMap/最终修复方案.md.meta",165,meta
"Assets/AAAGame/Scripts/MiniMap/BuildingIcon_XXX.prefab",2251,payload
"Assets/AAAGame/Scripts/MiniMap/BuildingIcon_XXX.prefab.meta",161,meta
"Assets/AAAGame/Scripts/MiniMap/CameraViewFrame.prefab",2295,payload
"Assets/AAAGame/Scripts/MiniMap/CameraViewFrame.prefab.meta",161,meta
"Assets/AAAGame/Scripts/MiniMap/Editor.meta",180,meta
"Assets/AAAGame/Scripts/MiniMap/Editor/AAAGame.MiniMap.Editor.asmdef",550,payload
"Assets/AAAGame/Scripts/MiniMap/Editor/AAAGame.MiniMap.Editor.asmdef.meta",173,meta
"Assets/AAAGame/Scripts/MiniMap/Editor/MinimapTerrainExportWindow.cs",8879,payload
"Assets/AAAGame/Scripts/MiniMap/Editor/MinimapTerrainExportWindow.cs.meta",254,meta
"Assets/AAAGame/Scripts/MiniMap/Fog2.meta",180,meta
"Assets/AAAGame/Scripts/MiniMap/FOG3.meta",180,meta
"Assets/AAAGame/Scripts/MiniMap/FOG3/Component.meta",180,meta
"Assets/AAAGame/Scripts/MiniMap/FOG3/Component/Fog3RevealerComponent.cs",3038,payload
"Assets/AAAGame/Scripts/MiniMap/FOG3/Component/Fog3RevealerComponent.cs.meta",254,meta
"Assets/AAAGame/Scripts/MiniMap/FOG3/Controller.meta",180,meta
"Assets/AAAGame/Scripts/MiniMap/FOG3/Controller/Fog3Controller.cs",5800,payload
"Assets/AAAGame/Scripts/MiniMap/FOG3/Controller/Fog3Controller.cs.meta",254,meta
"Assets/AAAGame/Scripts/MiniMap/FOG3/Controller/Fog3TerrainDetector.cs",13406,payload
"Assets/AAAGame/Scripts/MiniMap/FOG3/Controller/Fog3TerrainDetector.cs.meta",254,meta
"Assets/AAAGame/Scripts/MiniMap/FOG3/Editor.meta",180,meta
"Assets/AAAGame/Scripts/MiniMap/FOG3/Editor/AAAGame.FOG3.Editor.asmdef",508,payload
"Assets/AAAGame/Scripts/MiniMap/FOG3/Editor/AAAGame.FOG3.Editor.asmdef.meta",173,meta
"Assets/AAAGame/Scripts/MiniMap/FOG3/Editor/Fog3ManagerEditor.cs",17154,payload
"Assets/AAAGame/Scripts/MiniMap/FOG3/Editor/Fog3ManagerEditor.cs.meta",254,meta
"Assets/AAAGame/Scripts/MiniMap/FOG3/FOG3_1.1_云层迷雾方案.md",4357,payload
"Assets/AAAGame/Scripts/MiniMap/FOG3/FOG3_1.1_云层迷雾方案.md.meta",391,meta
"Assets/AAAGame/Scripts/MiniMap/FOG3/FOG3_GF_X_配置说明.md",6195,payload
"Assets/AAAGame/Scripts/MiniMap/FOG3/FOG3_GF_X_配置说明.md.meta",165,meta
"Assets/AAAGame/Scripts/MiniMap/FOG3/Fog3Manager.cs",91435,payload
"Assets/AAAGame/Scripts/MiniMap/FOG3/Fog3Manager.cs.meta",254,meta
"Assets/AAAGame/Scripts/MiniMap/FOG3/Fog3Types.cs",6583,payload
"Assets/AAAGame/Scripts/MiniMap/FOG3/Fog3Types.cs.meta",254,meta
"Assets/AAAGame/Scripts/MiniMap/FOG3/Model.meta",180,meta
"Assets/AAAGame/Scripts/MiniMap/FOG3/Model/Fog3MapData.cs",17737,payload
"Assets/AAAGame/Scripts/MiniMap/FOG3/Model/Fog3MapData.cs.meta",254,meta
"Assets/AAAGame/Scripts/MiniMap/FOG3/Model/Fog3RevealerData.cs",1794,payload
"Assets/AAAGame/Scripts/MiniMap/FOG3/Model/Fog3RevealerData.cs.meta",254,meta
"Assets/AAAGame/Scripts/MiniMap/FOG3/Model/Fog3TerrainInfo.cs",1665,payload
"Assets/AAAGame/Scripts/MiniMap/FOG3/Model/Fog3TerrainInfo.cs.meta",254,meta
"Assets/AAAGame/Scripts/MiniMap/FOG3/View.meta",180,meta
"Assets/AAAGame/Scripts/MiniMap/FOG3/View/Fog3OverlayAlwaysOnTop.shader",3273,payload
"Assets/AAAGame/Scripts/MiniMap/FOG3/View/Fog3OverlayAlwaysOnTop.shader.meta",213,meta
"Assets/AAAGame/Scripts/MiniMap/FOG3/View/Fog3WorldOverlayView.cs",29075,payload
"Assets/AAAGame/Scripts/MiniMap/FOG3/View/Fog3WorldOverlayView.cs.meta",254,meta
"Assets/AAAGame/Scripts/MiniMap/MinimapCameraFrame.cs",12075,payload
"Assets/AAAGame/Scripts/MiniMap/MinimapCameraFrame.cs.meta",254,meta
"Assets/AAAGame/Scripts/MiniMap/MinimapCameraFrameFixer.cs",6080,payload
"Assets/AAAGame/Scripts/MiniMap/MinimapCameraFrameFixer.cs.meta",254,meta
"Assets/AAAGame/Scripts/MiniMap/MinimapData.cs",3639,payload
"Assets/AAAGame/Scripts/MiniMap/MinimapData.cs.meta",254,meta
"Assets/AAAGame/Scripts/MiniMap/MinimapEvents.cs",2041,payload
"Assets/AAAGame/Scripts/MiniMap/MinimapEvents.cs.meta",254,meta
"Assets/AAAGame/Scripts/MiniMap/MinimapManager.cs",5144,payload
"Assets/AAAGame/Scripts/MiniMap/MinimapManager.cs.meta",254,meta
"Assets/AAAGame/Scripts/MiniMap/MinimapReportComponent.cs",4033,payload
"Assets/AAAGame/Scripts/MiniMap/MinimapReportComponent.cs.meta",254,meta
"Assets/AAAGame/Scripts/MiniMap/MinimapTerrainMapBuilder.cs",12825,payload
"Assets/AAAGame/Scripts/MiniMap/MinimapTerrainMapBuilder.cs.meta",254,meta
"Assets/AAAGame/Scripts/MiniMap/MinimapUI.cs",52517,payload
"Assets/AAAGame/Scripts/MiniMap/MinimapUI.cs.meta",254,meta
"Assets/AAAGame/Scripts/MiniMap/Procedure集成指南.md",11522,payload
"Assets/AAAGame/Scripts/MiniMap/Procedure集成指南.md.meta",391,meta
"Assets/AAAGame/Scripts/MiniMap/SoldierDot.prefab",2258,payload
"Assets/AAAGame/Scripts/MiniMap/SoldierDot.prefab.meta",161,meta
"Assets/AAAGame/Scripts/Movement.meta",180,meta
"Assets/AAAGame/Scripts/Movement/DeterministicAgentCollision.cs",20382,payload
"Assets/AAAGame/Scripts/Movement/DeterministicAgentCollision.cs.meta",243,meta
"Assets/AAAGame/Scripts/Movement/DeterministicStaticCollision.cs",56092,payload
"Assets/AAAGame/Scripts/Movement/DeterministicStaticCollision.cs.meta",254,meta
"Assets/AAAGame/Scripts/Movement/Editor.meta",180,meta
"Assets/AAAGame/Scripts/Movement/Editor/AAAGame.Movement.Editor.asmdef",447,payload
"Assets/AAAGame/Scripts/Movement/Editor/AAAGame.Movement.Editor.asmdef.meta",166,meta
"Assets/AAAGame/Scripts/Movement/Editor/FlowNavigationGridSourceEditor.cs",4608,payload
"Assets/AAAGame/Scripts/Movement/Editor/FlowNavigationGridSourceEditor.cs.meta",254,meta
"Assets/AAAGame/Scripts/Movement/FlowFieldCrowdMovementSystem.cs",1273444,payload
"Assets/AAAGame/Scripts/Movement/FlowFieldCrowdMovementSystem.cs.meta",254,meta
"Assets/AAAGame/Scripts/Movement/FlowFieldCrowdMovementSystem.DeterministicState.cs",143175,payload
"Assets/AAAGame/Scripts/Movement/FlowFieldCrowdMovementSystem.DeterministicState.cs.meta",243,meta
"Assets/AAAGame/Scripts/Movement/FlowFieldCrowdMovementSystem设计方案.md",58390,payload
"Assets/AAAGame/Scripts/Movement/FlowFieldCrowdMovementSystem设计方案.md.meta",165,meta
"Assets/AAAGame/Scripts/Movement/FlowFieldNavigationConfig.cs",2172,payload
"Assets/AAAGame/Scripts/Movement/FlowFieldNavigationConfig.cs.meta",243,meta
"Assets/AAAGame/Scripts/Movement/FlowNavigationGridAsset.cs",41358,payload
"Assets/AAAGame/Scripts/Movement/FlowNavigationGridAsset.cs.meta",254,meta
"Assets/AAAGame/Scripts/Movement/FlowNavigationGridSource.cs",14161,payload
"Assets/AAAGame/Scripts/Movement/FlowNavigationGridSource.cs.meta",254,meta
"Assets/AAAGame/Scripts/Movement/GroupMoveConfig.cs",1412,payload
"Assets/AAAGame/Scripts/Movement/GroupMoveConfig.cs.meta",254,meta
"Assets/AAAGame/Scripts/Movement/GroupMoveManager.cs",16920,payload
"Assets/AAAGame/Scripts/Movement/GroupMoveManager.cs.meta",254,meta
"Assets/AAAGame/Scripts/Movement/GroupMoveObstacle.cs",979,payload
"Assets/AAAGame/Scripts/Movement/GroupMoveObstacle.cs.meta",254,meta
"Assets/AAAGame/Scripts/Movement/LogicAgentCollisionShadowService.cs",31417,payload
"Assets/AAAGame/Scripts/Movement/LogicAgentCollisionShadowService.cs.meta",243,meta
"Assets/AAAGame/Scripts/Movement/LogicMovementRegionConstraintService.cs",11763,payload
"Assets/AAAGame/Scripts/Movement/LogicMovementRegionConstraintService.cs.meta",254,meta
"Assets/AAAGame/Scripts/Movement/LogicNavigationAuthorityDigest.cs",1932,payload
"Assets/AAAGame/Scripts/Movement/LogicNavigationAuthorityDigest.cs.meta",243,meta
"Assets/AAAGame/Scripts/Movement/LogicObstacleCommandService.cs",25237,payload
"Assets/AAAGame/Scripts/Movement/LogicObstacleCommandService.cs.meta",243,meta
"Assets/AAAGame/Scripts/Movement/NavigationGridFixedMath.cs",9270,payload
"Assets/AAAGame/Scripts/Movement/NavigationGridFixedMath.cs.meta",254,meta
"Assets/AAAGame/Scripts/Movement/SoldierAIBrain.cs",41537,payload
"Assets/AAAGame/Scripts/Movement/SoldierAIBrain.cs.meta",254,meta
"Assets/AAAGame/Scripts/Movement/StableColliderOrder.cs",2156,payload
"Assets/AAAGame/Scripts/Movement/StableColliderOrder.cs.meta",243,meta
"Assets/AAAGame/Scripts/Movement/SteeringMovement.cs",5446,payload
"Assets/AAAGame/Scripts/Movement/SteeringMovement.cs.meta",254,meta
"Assets/AAAGame/Scripts/NeilUtility.meta",180,meta
"Assets/AAAGame/Scripts/NeilUtility/AbsStatemachine.cs",1025,payload
"Assets/AAAGame/Scripts/NeilUtility/AbsStatemachine.cs.meta",254,meta
"Assets/AAAGame/Scripts/NeilUtility/DamageSystem.cs",445,payload
"Assets/AAAGame/Scripts/NeilUtility/DamageSystem.cs.meta",254,meta
"Assets/AAAGame/Scripts/NeilUtility/DirectionMoveCompo.cs",1470,payload
"Assets/AAAGame/Scripts/NeilUtility/DirectionMoveCompo.cs.meta",254,meta
"Assets/AAAGame/Scripts/NeilUtility/EffectPackage.cs",614,payload
"Assets/AAAGame/Scripts/NeilUtility/EffectPackage.cs.meta",254,meta
"Assets/AAAGame/Scripts/NeilUtility/GeneralCounter.cs",1812,payload
"Assets/AAAGame/Scripts/NeilUtility/GeneralCounter.cs.meta",254,meta
"Assets/AAAGame/Scripts/NeilUtility/ICapability.cs",357,payload
"Assets/AAAGame/Scripts/NeilUtility/ICapability.cs.meta",254,meta
"Assets/AAAGame/Scripts/NeilUtility/IMoveCompo.cs",152,payload
"Assets/AAAGame/Scripts/NeilUtility/IMoveCompo.cs.meta",254,meta
"Assets/AAAGame/Scripts/NeilUtility/MessageSystem.meta",180,meta
"Assets/AAAGame/Scripts/NeilUtility/MessageSystem/MessageBehavior.cs",2110,payload
"Assets/AAAGame/Scripts/NeilUtility/MessageSystem/MessageBehavior.cs.meta",254,meta
"Assets/AAAGame/Scripts/NeilUtility/MessageSystem/MessageSystem.cs",2848,payload
"Assets/AAAGame/Scripts/NeilUtility/MessageSystem/MessageSystem.cs.meta",254,meta
"Assets/AAAGame/Scripts/NeilUtility/MessageSystem/Singleton.cs",1309,payload
"Assets/AAAGame/Scripts/NeilUtility/MessageSystem/Singleton.cs.meta",254,meta
"Assets/AAAGame/Scripts/NeilUtility/TargetMoveComp.cs",1999,payload
"Assets/AAAGame/Scripts/NeilUtility/TargetMoveComp.cs.meta",254,meta
"Assets/AAAGame/Scripts/NeilUtility/UserDataHelper.cs",1876,payload
"Assets/AAAGame/Scripts/NeilUtility/UserDataHelper.cs.meta",254,meta
"Assets/AAAGame/Scripts/Network.meta",180,meta
"Assets/AAAGame/Scripts/Network/CSPacketBase.cs",568,payload
"Assets/AAAGame/Scripts/Network/CSPacketBase.cs.meta",274,meta
"Assets/AAAGame/Scripts/Network/CSPacketHeader.cs",574,payload
"Assets/AAAGame/Scripts/Network/CSPacketHeader.cs.meta",274,meta
"Assets/AAAGame/Scripts/Network/NetworkChannelHelper.cs",11320,payload
"Assets/AAAGame/Scripts/Network/NetworkChannelHelper.cs.meta",274,meta
"Assets/AAAGame/Scripts/Network/Packet.meta",200,meta
"Assets/AAAGame/Scripts/Network/Packet/CSHeartBeat.cs",729,payload
"Assets/AAAGame/Scripts/Network/Packet/CSHeartBeat.cs.meta",274,meta
"Assets/AAAGame/Scripts/Network/Packet/SCHeartBeat.cs",729,payload
"Assets/AAAGame/Scripts/Network/Packet/SCHeartBeat.cs.meta",274,meta
"Assets/AAAGame/Scripts/Network/PacketBase.cs",873,payload
"Assets/AAAGame/Scripts/Network/PacketBase.cs.meta",274,meta
"Assets/AAAGame/Scripts/Network/PacketHandler.meta",200,meta
"Assets/AAAGame/Scripts/Network/PacketHandler/SCHeartBeatHandler.cs",824,payload
"Assets/AAAGame/Scripts/Network/PacketHandler/SCHeartBeatHandler.cs.meta",274,meta
"Assets/AAAGame/Scripts/Network/PacketHandlerBase.cs",584,payload
"Assets/AAAGame/Scripts/Network/PacketHandlerBase.cs.meta",274,meta
"Assets/AAAGame/Scripts/Network/PacketHeaderBase.cs",1033,payload
"Assets/AAAGame/Scripts/Network/PacketHeaderBase.cs.meta",274,meta
"Assets/AAAGame/Scripts/Network/PacketType.cs",722,payload
"Assets/AAAGame/Scripts/Network/PacketType.cs.meta",274,meta
"Assets/AAAGame/Scripts/Network/SCPacketBase.cs",568,payload
"Assets/AAAGame/Scripts/Network/SCPacketBase.cs.meta",274,meta
"Assets/AAAGame/Scripts/Network/SCPacketHeader.cs",574,payload
"Assets/AAAGame/Scripts/Network/SCPacketHeader.cs.meta",274,meta
"Assets/AAAGame/Scripts/PlayerControl.meta",180,meta
"Assets/AAAGame/Scripts/PlayerControl/BuildingSpecialTargetingComp.cs",10988,payload
"Assets/AAAGame/Scripts/PlayerControl/BuildingSpecialTargetingComp.cs.meta",254,meta
"Assets/AAAGame/Scripts/PlayerControl/CharacterAtkFactory.cs",466,payload
"Assets/AAAGame/Scripts/PlayerControl/CharacterAtkFactory.cs.meta",88,meta
"Assets/AAAGame/Scripts/PlayerControl/CharacterMoveComp.cs",10037,payload
"Assets/AAAGame/Scripts/PlayerControl/CharacterMoveComp.cs.meta",88,meta
"Assets/AAAGame/Scripts/PlayerControl/CharacterMoveFactory.cs",685,payload
"Assets/AAAGame/Scripts/PlayerControl/CharacterMoveFactory.cs.meta",88,meta
"Assets/AAAGame/Scripts/PlayerControl/CharacterSkillComp.cs",10713,payload
"Assets/AAAGame/Scripts/PlayerControl/CharacterSkillComp.cs.meta",88,meta
"Assets/AAAGame/Scripts/PlayerControl/CharacterSkillFactory.cs",932,payload
"Assets/AAAGame/Scripts/PlayerControl/CharacterSkillFactory.cs.meta",88,meta
"Assets/AAAGame/Scripts/PlayerControl/CharacterTargetingComp.cs",30462,payload
"Assets/AAAGame/Scripts/PlayerControl/CharacterTargetingComp.cs.meta",88,meta
"Assets/AAAGame/Scripts/PlayerControl/CharacterTargetingFactory.cs",1246,payload
"Assets/AAAGame/Scripts/PlayerControl/CharacterTargetingFactory.cs.meta",88,meta
"Assets/AAAGame/Scripts/PlayerControl/InputDirTranslator.cs",1117,payload
"Assets/AAAGame/Scripts/PlayerControl/InputDirTranslator.cs.meta",254,meta
"Assets/AAAGame/Scripts/PlayerControl/ISkillLocker.cs",201,payload
"Assets/AAAGame/Scripts/PlayerControl/ISkillLocker.cs.meta",85,meta
"Assets/AAAGame/Scripts/PlayerControl/LogicInputTimeline.cs",19324,payload
"Assets/AAAGame/Scripts/PlayerControl/LogicInputTimeline.cs.meta",87,meta
"Assets/AAAGame/Scripts/PlayerControl/MoveAtkComp.cs",150,payload
"Assets/AAAGame/Scripts/PlayerControl/MoveAtkComp.cs.meta",254,meta
"Assets/AAAGame/Scripts/PlayerControl/PlayerAtkFactory.cs",357,payload
"Assets/AAAGame/Scripts/PlayerControl/PlayerAtkFactory.cs.meta",85,meta
"Assets/AAAGame/Scripts/PlayerControl/PlayerEntity.cs",633,payload
"Assets/AAAGame/Scripts/PlayerControl/PlayerEntity.cs.meta",254,meta
"Assets/AAAGame/Scripts/PlayerControl/PlayerMoveComp.cs",2208,payload
"Assets/AAAGame/Scripts/PlayerControl/PlayerMoveComp.cs.meta",254,meta
"Assets/AAAGame/Scripts/PlayerControl/PlayerMoveFactory.cs",423,payload
"Assets/AAAGame/Scripts/PlayerControl/PlayerMoveFactory.cs.meta",85,meta
"Assets/AAAGame/Scripts/PlayerControl/PlayerSkillComp.cs",18703,payload
"Assets/AAAGame/Scripts/PlayerControl/PlayerSkillComp.cs.meta",254,meta
"Assets/AAAGame/Scripts/PlayerControl/PlayerSkillFactory.cs",4147,payload
"Assets/AAAGame/Scripts/PlayerControl/PlayerSkillFactory.cs.meta",254,meta
"Assets/AAAGame/Scripts/Presentation.meta",180,meta
"Assets/AAAGame/Scripts/Presentation/EntityPresentationBindings.cs",8046,payload
"Assets/AAAGame/Scripts/Presentation/EntityPresentationBindings.cs.meta",254,meta
"Assets/AAAGame/Scripts/Procedures.meta",180,meta
"Assets/AAAGame/Scripts/Procedures/ArenaProcedure.cs",732,payload
"Assets/AAAGame/Scripts/Procedures/ArenaProcedure.cs.meta",254,meta
"Assets/AAAGame/Scripts/Procedures/CardGameProcedure.cs",919,payload
"Assets/AAAGame/Scripts/Procedures/CardGameProcedure.cs.meta",254,meta
"Assets/AAAGame/Scripts/Procedures/ChangeSceneProcedure.cs",13359,payload
"Assets/AAAGame/Scripts/Procedures/ChangeSceneProcedure.cs.meta",254,meta
"Assets/AAAGame/Scripts/Procedures/CompleteGameProcedure.cs",891,payload
"Assets/AAAGame/Scripts/Procedures/CompleteGameProcedure.cs.meta",254,meta
"Assets/AAAGame/Scripts/Procedures/GameOverProcedure.cs",224,payload
"Assets/AAAGame/Scripts/Procedures/GameOverProcedure.cs.meta",254,meta
"Assets/AAAGame/Scripts/Procedures/GameProcedure.cs",230,payload
"Assets/AAAGame/Scripts/Procedures/GameProcedure.cs.meta",254,meta
"Assets/AAAGame/Scripts/Procedures/MenuProcedure.cs",2273,payload
"Assets/AAAGame/Scripts/Procedures/MenuProcedure.cs.meta",254,meta
"Assets/AAAGame/Scripts/Procedures/MinimapGameProcedure.cs",673,payload
"Assets/AAAGame/Scripts/Procedures/MinimapGameProcedure.cs.meta",254,meta
"Assets/AAAGame/Scripts/Procedures/PreloadProcedure.cs",17081,payload
"Assets/AAAGame/Scripts/Procedures/PreloadProcedure.cs.meta",254,meta
"Assets/AAAGame/Scripts/Procedures/RealProcedure.cs",789,payload
"Assets/AAAGame/Scripts/Procedures/RealProcedure.cs.meta",254,meta
"Assets/AAAGame/Scripts/Procedures/RuntimeProcedureBase.cs",49467,payload
"Assets/AAAGame/Scripts/Procedures/RuntimeProcedureBase.cs.meta",254,meta
"Assets/AAAGame/Scripts/Projectile.meta",180,meta
"Assets/AAAGame/Scripts/Projectile/LogicProjectileService.cs",20655,payload
"Assets/AAAGame/Scripts/Projectile/LogicProjectileService.cs.meta",254,meta
"Assets/AAAGame/Scripts/Projectile/Projectile.cs",4247,payload
"Assets/AAAGame/Scripts/Projectile/Projectile.cs.meta",254,meta
"Assets/AAAGame/Scripts/Projectile/ProjectilePresentationService.cs",12931,payload
"Assets/AAAGame/Scripts/Projectile/ProjectilePresentationService.cs.meta",60,meta
"Assets/AAAGame/Scripts/Property.meta",180,meta
"Assets/AAAGame/Scripts/Property/BaseValueProperty.cs",1710,payload
"Assets/AAAGame/Scripts/Property/BaseValueProperty.cs.meta",254,meta
"Assets/AAAGame/Scripts/Property/ComputeValueProperty.cs",1164,payload
"Assets/AAAGame/Scripts/Property/ComputeValueProperty.cs.meta",254,meta
"Assets/AAAGame/Scripts/Property/CreaturePropertyManager.cs",14791,payload
"Assets/AAAGame/Scripts/Property/CreaturePropertyManager.cs.meta",254,meta
"Assets/AAAGame/Scripts/Property/IProperty.cs",930,payload
"Assets/AAAGame/Scripts/Property/IProperty.cs.meta",254,meta
"Assets/AAAGame/Scripts/Property/IrreversibleValueProperty.cs",3061,payload
"Assets/AAAGame/Scripts/Property/IrreversibleValueProperty.cs.meta",254,meta
"Assets/AAAGame/Scripts/Property/Modifier.meta",180,meta
"Assets/AAAGame/Scripts/Property/Modifier/IPropertyAdditiveModifier.cs",96,payload
"Assets/AAAGame/Scripts/Property/Modifier/IPropertyAdditiveModifier.cs.meta",254,meta
"Assets/AAAGame/Scripts/Property/Modifier/IPropertyClampModifier.cs",111,payload
"Assets/AAAGame/Scripts/Property/Modifier/IPropertyClampModifier.cs.meta",254,meta
"Assets/AAAGame/Scripts/Property/Modifier/IPropertyModifier.cs",772,payload
"Assets/AAAGame/Scripts/Property/Modifier/IPropertyModifier.cs.meta",254,meta
"Assets/AAAGame/Scripts/Property/Modifier/IPropertyMultiplicativeModifier.cs",104,payload
"Assets/AAAGame/Scripts/Property/Modifier/IPropertyMultiplicativeModifier.cs.meta",254,meta
"Assets/AAAGame/Scripts/Property/Modifier/IPropertyOverrideModifier.cs",98,payload
"Assets/AAAGame/Scripts/Property/Modifier/IPropertyOverrideModifier.cs.meta",254,meta
"Assets/AAAGame/Scripts/Property/Modifier/PropertyAdditiveModifier.cs",974,payload
"Assets/AAAGame/Scripts/Property/Modifier/PropertyAdditiveModifier.cs.meta",254,meta
"Assets/AAAGame/Scripts/Property/Modifier/PropertyClampModifier.cs",1534,payload
"Assets/AAAGame/Scripts/Property/Modifier/PropertyClampModifier.cs.meta",254,meta
"Assets/AAAGame/Scripts/Property/Modifier/PropertyDirectAdditiveModifier.cs",732,payload
"Assets/AAAGame/Scripts/Property/Modifier/PropertyDirectAdditiveModifier.cs.meta",254,meta
"Assets/AAAGame/Scripts/Property/Modifier/PropertyDirectMultiplicativeModifier.cs",768,payload
"Assets/AAAGame/Scripts/Property/Modifier/PropertyDirectMultiplicativeModifier.cs.meta",254,meta
"Assets/AAAGame/Scripts/Property/Modifier/PropertyFinalAdditiveModifier.cs",725,payload
"Assets/AAAGame/Scripts/Property/Modifier/PropertyFinalAdditiveModifier.cs.meta",254,meta
"Assets/AAAGame/Scripts/Property/Modifier/PropertyFinalMultiplicativeModifier.cs",763,payload
"Assets/AAAGame/Scripts/Property/Modifier/PropertyFinalMultiplicativeModifier.cs.meta",254,meta
"Assets/AAAGame/Scripts/Property/Modifier/PropertyIrreversibleAdditiveModifier.cs",760,payload
"Assets/AAAGame/Scripts/Property/Modifier/PropertyIrreversibleAdditiveModifier.cs.meta",254,meta
"Assets/AAAGame/Scripts/Property/Modifier/PropertyIrreversibleMultiplicativeModifier.cs",798,payload
"Assets/AAAGame/Scripts/Property/Modifier/PropertyIrreversibleMultiplicativeModifier.cs.meta",254,meta
"Assets/AAAGame/Scripts/Property/Modifier/PropertyIrreversibleOverrideModifier.cs",762,payload
"Assets/AAAGame/Scripts/Property/Modifier/PropertyIrreversibleOverrideModifier.cs.meta",254,meta
"Assets/AAAGame/Scripts/Property/Modifier/PropertyMultiplicativeModifier.cs",1010,payload
"Assets/AAAGame/Scripts/Property/Modifier/PropertyMultiplicativeModifier.cs.meta",254,meta
"Assets/AAAGame/Scripts/Property/Modifier/PropertyOverrideModifier.cs",974,payload
"Assets/AAAGame/Scripts/Property/Modifier/PropertyOverrideModifier.cs.meta",254,meta
"Assets/AAAGame/Scripts/Property/PropertyFuncRef.cs",4636,payload
"Assets/AAAGame/Scripts/Property/PropertyFuncRef.cs.meta",254,meta
"Assets/AAAGame/Scripts/Property/PropertyHelper.cs",7056,payload
"Assets/AAAGame/Scripts/Property/PropertyHelper.cs.meta",254,meta
"Assets/AAAGame/Scripts/Property/PropertyManager.cs",2483,payload
"Assets/AAAGame/Scripts/Property/PropertyManager.cs.meta",254,meta
"Assets/AAAGame/Scripts/Property/SimpleStat.cs",1101,payload
"Assets/AAAGame/Scripts/Property/SimpleStat.cs.meta",254,meta
"Assets/AAAGame/Scripts/Property/ValueProperty.cs",6152,payload
"Assets/AAAGame/Scripts/Property/ValueProperty.cs.meta",254,meta
"Assets/AAAGame/Scripts/Property/Vector2IntArrayProperty.cs",5317,payload
"Assets/AAAGame/Scripts/Property/Vector2IntArrayProperty.cs.meta",254,meta
"Assets/AAAGame/Scripts/Render.meta",180,meta
"Assets/AAAGame/Scripts/Render/BaselineSpriteBinder.cs",13073,payload
"Assets/AAAGame/Scripts/Render/BaselineSpriteBinder.cs.meta",254,meta
"Assets/AAAGame/Scripts/ScriptableObject.meta",180,meta
"Assets/AAAGame/Scripts/ScriptableObject/AppConfigs.cs",1953,payload
"Assets/AAAGame/Scripts/ScriptableObject/AppConfigs.cs.meta",254,meta
"Assets/AAAGame/Scripts/SkillSystem.meta",180,meta
"Assets/AAAGame/Scripts/SkillSystem/ActiveSkillSO.cs",10082,payload
"Assets/AAAGame/Scripts/SkillSystem/ActiveSkillSO.cs.meta",254,meta
"Assets/AAAGame/Scripts/SkillSystem/BladeDanceActiveSkillSO.cs",1136,payload
"Assets/AAAGame/Scripts/SkillSystem/BladeDanceActiveSkillSO.cs.meta",254,meta
"Assets/AAAGame/Scripts/SkillSystem/CheerSquadPassiveSkillSO.cs",455,payload
"Assets/AAAGame/Scripts/SkillSystem/CheerSquadPassiveSkillSO.cs.meta",254,meta
"Assets/AAAGame/Scripts/SkillSystem/DisarmPassiveSkillSO.cs",457,payload
"Assets/AAAGame/Scripts/SkillSystem/DisarmPassiveSkillSO.cs.meta",254,meta
"Assets/AAAGame/Scripts/SkillSystem/FireDrillActiveSkillSO.cs",1500,payload
"Assets/AAAGame/Scripts/SkillSystem/FireDrillActiveSkillSO.cs.meta",254,meta
"Assets/AAAGame/Scripts/SkillSystem/GiantSlayerPassiveSkillSO.cs",436,payload
"Assets/AAAGame/Scripts/SkillSystem/GiantSlayerPassiveSkillSO.cs.meta",254,meta
"Assets/AAAGame/Scripts/SkillSystem/InjectionActiveSkillSO.cs",3886,payload
"Assets/AAAGame/Scripts/SkillSystem/InjectionActiveSkillSO.cs.meta",254,meta
"Assets/AAAGame/Scripts/SkillSystem/InstantActiveSkillSO.cs",548,payload
"Assets/AAAGame/Scripts/SkillSystem/InstantActiveSkillSO.cs.meta",254,meta
"Assets/AAAGame/Scripts/SkillSystem/ISkillComp.cs",7283,payload
"Assets/AAAGame/Scripts/SkillSystem/ISkillComp.cs.meta",85,meta
"Assets/AAAGame/Scripts/SkillSystem/ISkillCompHost.cs",270,payload
"Assets/AAAGame/Scripts/SkillSystem/ISkillCompHost.cs.meta",254,meta
"Assets/AAAGame/Scripts/SkillSystem/JustPassingByActiveSkillSO.cs",1528,payload
"Assets/AAAGame/Scripts/SkillSystem/JustPassingByActiveSkillSO.cs.meta",254,meta
"Assets/AAAGame/Scripts/SkillSystem/LogicSkillCastCommandService.cs",14078,payload
"Assets/AAAGame/Scripts/SkillSystem/LogicSkillCastCommandService.cs.meta",243,meta
"Assets/AAAGame/Scripts/SkillSystem/LogicSkillSlotCommandService.cs",8932,payload
"Assets/AAAGame/Scripts/SkillSystem/LogicSkillSlotCommandService.cs.meta",243,meta
"Assets/AAAGame/Scripts/SkillSystem/MoveSpeedPassiveSkillSO.cs",427,payload
"Assets/AAAGame/Scripts/SkillSystem/MoveSpeedPassiveSkillSO.cs.meta",254,meta
"Assets/AAAGame/Scripts/SkillSystem/NeatAndTidyPassiveSkillSO.cs",457,payload
"Assets/AAAGame/Scripts/SkillSystem/NeatAndTidyPassiveSkillSO.cs.meta",254,meta
"Assets/AAAGame/Scripts/SkillSystem/PassiveSkillSO.cs",11189,payload
"Assets/AAAGame/Scripts/SkillSystem/PassiveSkillSO.cs.meta",254,meta
"Assets/AAAGame/Scripts/SkillSystem/PositionAreaActiveSkills.cs",4709,payload
"Assets/AAAGame/Scripts/SkillSystem/PositionAreaActiveSkills.cs.meta",254,meta
"Assets/AAAGame/Scripts/SkillSystem/SelectPositionSkill.cs",1789,payload
"Assets/AAAGame/Scripts/SkillSystem/SelectPositionSkill.cs.meta",254,meta
"Assets/AAAGame/Scripts/SkillSystem/SkillEffectSO.cs",2876,payload
"Assets/AAAGame/Scripts/SkillSystem/SkillEffectSO.cs.meta",254,meta
"Assets/AAAGame/Scripts/SkillSystem/SkillInputRuntime.cs",2361,payload
"Assets/AAAGame/Scripts/SkillSystem/SkillInputRuntime.cs.meta",254,meta
"Assets/AAAGame/Scripts/SkillSystem/TargetPositionActiveSkillSO.cs",2485,payload
"Assets/AAAGame/Scripts/SkillSystem/TargetPositionActiveSkillSO.cs.meta",254,meta
"Assets/AAAGame/Scripts/SkillSystem/UrgentRequestActiveSkillSO.cs",2139,payload
"Assets/AAAGame/Scripts/SkillSystem/UrgentRequestActiveSkillSO.cs.meta",254,meta
"Assets/AAAGame/Scripts/Spawn.meta",180,meta
"Assets/AAAGame/Scripts/Spawn/ClusterSpawnSystem.cs",17683,payload
"Assets/AAAGame/Scripts/Spawn/ClusterSpawnSystem.cs.meta",254,meta
"Assets/AAAGame/Scripts/Story.meta",172,meta
"Assets/AAAGame/Scripts/Story/StoryTableQuery.cs",4422,payload
"Assets/AAAGame/Scripts/Story/StoryTableQuery.cs.meta",243,meta
"Assets/AAAGame/Scripts/Story/StoryTypes.cs",413,payload
"Assets/AAAGame/Scripts/Story/StoryTypes.cs.meta",243,meta
"Assets/AAAGame/Scripts/Test.meta",180,meta
"Assets/AAAGame/Scripts/Test/EnemySpawner.cs",1332,payload
"Assets/AAAGame/Scripts/Test/EnemySpawner.cs.meta",254,meta
"Assets/AAAGame/Scripts/Tilemap.meta",172,meta
"Assets/AAAGame/Scripts/Tilemap/LdtkSlopeBuildLayer.cs",18164,payload
"Assets/AAAGame/Scripts/Tilemap/LdtkSlopeBuildLayer.cs.meta",243,meta
"Assets/AAAGame/Scripts/Tools.meta",180,meta
"Assets/AAAGame/Scripts/Tools/ArrangeModel.cs",2243,payload
"Assets/AAAGame/Scripts/Tools/ArrangeModel.cs.meta",254,meta
"Assets/AAAGame/Scripts/Tools/Editor.meta",180,meta
"Assets/AAAGame/Scripts/Tools/Editor/AAAGame.Tools.Editor.asmdef",580,payload
"Assets/AAAGame/Scripts/Tools/Editor/AAAGame.Tools.Editor.asmdef.meta",173,meta
"Assets/AAAGame/Scripts/Tools/Editor/AutoBoxColliderFromMesh.cs",18032,payload
"Assets/AAAGame/Scripts/Tools/Editor/AutoBoxColliderFromMesh.cs.meta",254,meta
"Assets/AAAGame/Scripts/Tools/Editor/EntityPresentationPrefabTools.cs",28621,payload
"Assets/AAAGame/Scripts/Tools/Editor/EntityPresentationPrefabTools.cs.meta",254,meta
"Assets/AAAGame/Scripts/Tools/Editor/FbxToPrefab.cs",27046,payload
"Assets/AAAGame/Scripts/Tools/Editor/FbxToPrefab.cs.meta",254,meta
"Assets/AAAGame/Scripts/Tools/Editor/FlowNavigationGridPrefabBaker.cs",74426,payload
"Assets/AAAGame/Scripts/Tools/Editor/FlowNavigationGridPrefabBaker.cs.meta",254,meta
"Assets/AAAGame/Scripts/Tools/Editor/LdtkSlopePlaceholderGenerator.cs",5825,payload
"Assets/AAAGame/Scripts/Tools/Editor/LdtkSlopePlaceholderGenerator.cs.meta",243,meta
"Assets/AAAGame/Scripts/Tools/Editor/LdtkToTileWorldCreatorImporterWindow.cs",152910,payload
"Assets/AAAGame/Scripts/Tools/Editor/LdtkToTileWorldCreatorImporterWindow.cs.meta",254,meta
"Assets/AAAGame/Scripts/Tools/Editor/MeshColliderConvexBatch.cs",3508,payload
"Assets/AAAGame/Scripts/Tools/Editor/MeshColliderConvexBatch.cs.meta",254,meta
"Assets/AAAGame/Scripts/Tools/Editor/TMPIconSpriteAssetTool.cs",7915,payload
"Assets/AAAGame/Scripts/Tools/Editor/TMPIconSpriteAssetTool.cs.meta",254,meta
"Assets/AAAGame/Scripts/Tools/Editor/UnitTypeEditorWindow.cs",19919,payload
"Assets/AAAGame/Scripts/Tools/Editor/UnitTypeEditorWindow.cs.meta",254,meta
"Assets/AAAGame/Scripts/UI.meta",180,meta
"Assets/AAAGame/Scripts/UI/BuildingBuildTips.cs",34864,payload
"Assets/AAAGame/Scripts/UI/BuildingBuildTips.cs.meta",254,meta
"Assets/AAAGame/Scripts/UI/BuildingInfoTips.cs",18188,payload
"Assets/AAAGame/Scripts/UI/BuildingInfoTips.cs.meta",254,meta
"Assets/AAAGame/Scripts/UI/BuildingUpgradeTips.cs",44085,payload
"Assets/AAAGame/Scripts/UI/BuildingUpgradeTips.cs.meta",254,meta
"Assets/AAAGame/Scripts/UI/CareerSettlementPresentationService.cs",420,payload
"Assets/AAAGame/Scripts/UI/CareerSettlementPresentationService.cs.meta",254,meta
"Assets/AAAGame/Scripts/UI/CommonDialog.cs",2113,payload
"Assets/AAAGame/Scripts/UI/CommonDialog.cs.meta",254,meta
"Assets/AAAGame/Scripts/UI/Core.meta",180,meta
"Assets/AAAGame/Scripts/UI/Core/UIFormBase.cs",18120,payload
"Assets/AAAGame/Scripts/UI/Core/UIFormBase.cs.meta",254,meta
"Assets/AAAGame/Scripts/UI/Core/UIItemBase.cs",1356,payload
"Assets/AAAGame/Scripts/UI/Core/UIItemBase.cs.meta",254,meta
"Assets/AAAGame/Scripts/UI/Core/UIItemObject.cs",1314,payload
"Assets/AAAGame/Scripts/UI/Core/UIItemObject.cs.meta",254,meta
"Assets/AAAGame/Scripts/UI/Core/UIParams.cs",1135,payload
"Assets/AAAGame/Scripts/UI/Core/UIParams.cs.meta",254,meta
"Assets/AAAGame/Scripts/UI/Core/UIViews.cs",648,payload
"Assets/AAAGame/Scripts/UI/Core/UIViews.cs.meta",254,meta
"Assets/AAAGame/Scripts/UI/GameOverUIForm.cs",5552,payload
"Assets/AAAGame/Scripts/UI/GameOverUIForm.cs.meta",254,meta
"Assets/AAAGame/Scripts/UI/GameUIForm.cs",673,payload
"Assets/AAAGame/Scripts/UI/GameUIForm.cs.meta",254,meta
"Assets/AAAGame/Scripts/UI/GoalUIForm.cs",5946,payload
"Assets/AAAGame/Scripts/UI/GoalUIForm.cs.meta",254,meta
"Assets/AAAGame/Scripts/UI/HealthBarComp.cs",21411,payload
"Assets/AAAGame/Scripts/UI/HealthBarComp.cs.meta",254,meta
"Assets/AAAGame/Scripts/UI/InGameUIForm.cs",16826,payload
"Assets/AAAGame/Scripts/UI/InGameUIForm.cs.meta",254,meta
"Assets/AAAGame/Scripts/UI/InGameUIForm.DefendEnemySketch.cs",47588,payload
"Assets/AAAGame/Scripts/UI/InGameUIForm.DefendEnemySketch.cs.meta",254,meta
"Assets/AAAGame/Scripts/UI/InGameUIForm.Minimap.cs",10652,payload
"Assets/AAAGame/Scripts/UI/InGameUIForm.Minimap.cs.meta",254,meta
"Assets/AAAGame/Scripts/UI/InGameUIForm.Skills.cs",5845,payload
"Assets/AAAGame/Scripts/UI/InGameUIForm.Skills.cs.meta",254,meta
"Assets/AAAGame/Scripts/UI/InGameUIForm.TimeControls.cs",5298,payload
"Assets/AAAGame/Scripts/UI/InGameUIForm.TimeControls.cs.meta",254,meta
"Assets/AAAGame/Scripts/UI/InteractionPanel.cs",95,payload
"Assets/AAAGame/Scripts/UI/InteractionPanel.cs.meta",254,meta
"Assets/AAAGame/Scripts/UI/InteractOptionTips.cs",7356,payload
"Assets/AAAGame/Scripts/UI/InteractOptionTips.cs.meta",162,meta
"Assets/AAAGame/Scripts/UI/Item.meta",180,meta
"Assets/AAAGame/Scripts/UI/Item/BuildingInfoItem.cs",3440,payload
"Assets/AAAGame/Scripts/UI/Item/BuildingInfoItem.cs.meta",254,meta
"Assets/AAAGame/Scripts/UI/Item/BuildingInfoSeparationLineItem.cs",132,payload
"Assets/AAAGame/Scripts/UI/Item/BuildingInfoSeparationLineItem.cs.meta",254,meta
"Assets/AAAGame/Scripts/UI/Item/DefendEnemySketchItem.cs",539,payload
"Assets/AAAGame/Scripts/UI/Item/DefendEnemySketchItem.cs.meta",254,meta
"Assets/AAAGame/Scripts/UI/Item/GoalConditionItem.cs",5844,payload
"Assets/AAAGame/Scripts/UI/Item/GoalConditionItem.cs.meta",254,meta
"Assets/AAAGame/Scripts/UI/Item/IconNumItem.cs",1384,payload
"Assets/AAAGame/Scripts/UI/Item/IconNumItem.cs.meta",254,meta
"Assets/AAAGame/Scripts/UI/Item/IndustryOptionItem.cs",1030,payload
"Assets/AAAGame/Scripts/UI/Item/IndustryOptionItem.cs.meta",254,meta
"Assets/AAAGame/Scripts/UI/Item/InteractOptionUnit.cs",2230,payload
"Assets/AAAGame/Scripts/UI/Item/InteractOptionUnit.cs.meta",254,meta
"Assets/AAAGame/Scripts/UI/Item/ItemUnit.cs",987,payload
"Assets/AAAGame/Scripts/UI/Item/ItemUnit.cs.meta",254,meta
"Assets/AAAGame/Scripts/UI/Item/LanguageItem.cs",1306,payload
"Assets/AAAGame/Scripts/UI/Item/LanguageItem.cs.meta",254,meta
"Assets/AAAGame/Scripts/UI/Item/LvTagItem.cs",1741,payload
"Assets/AAAGame/Scripts/UI/Item/LvTagItem.cs.meta",254,meta
"Assets/AAAGame/Scripts/UI/Item/ResourceUnit.cs",987,payload
"Assets/AAAGame/Scripts/UI/Item/ResourceUnit.cs.meta",254,meta
"Assets/AAAGame/Scripts/UI/Item/StarItem.cs",357,payload
"Assets/AAAGame/Scripts/UI/Item/StarItem.cs.meta",254,meta
"Assets/AAAGame/Scripts/UI/Item/TextLineUnit.cs",141,payload
"Assets/AAAGame/Scripts/UI/Item/TextLineUnit.cs.meta",254,meta
"Assets/AAAGame/Scripts/UI/Item/TipsItem.cs",4431,payload
"Assets/AAAGame/Scripts/UI/Item/TipsItem.cs.meta",254,meta
"Assets/AAAGame/Scripts/UI/Item/UpgradeButtonItem.cs",3210,payload
"Assets/AAAGame/Scripts/UI/Item/UpgradeButtonItem.cs.meta",254,meta
"Assets/AAAGame/Scripts/UI/LanguagesDialog.cs",893,payload
"Assets/AAAGame/Scripts/UI/LanguagesDialog.cs.meta",254,meta
"Assets/AAAGame/Scripts/UI/LevelSwitchUIForm.cs",8283,payload
"Assets/AAAGame/Scripts/UI/LevelSwitchUIForm.cs.meta",254,meta
"Assets/AAAGame/Scripts/UI/LvEnterDialog.Briefing.cs",24983,payload
"Assets/AAAGame/Scripts/UI/LvEnterDialog.Briefing.cs.meta",243,meta
"Assets/AAAGame/Scripts/UI/LvEnterDialog.Career.cs",31934,payload
"Assets/AAAGame/Scripts/UI/LvEnterDialog.Career.cs.meta",243,meta
"Assets/AAAGame/Scripts/UI/LvEnterDialog.cs",5739,payload
"Assets/AAAGame/Scripts/UI/LvEnterDialog.cs.meta",254,meta
"Assets/AAAGame/Scripts/UI/MenuUIForm.cs",1934,payload
"Assets/AAAGame/Scripts/UI/MenuUIForm.cs.meta",254,meta
"Assets/AAAGame/Scripts/UI/PhaseSwitchHoldTrigger.cs",4489,payload
"Assets/AAAGame/Scripts/UI/PhaseSwitchHoldTrigger.cs.meta",243,meta
"Assets/AAAGame/Scripts/UI/RatingDialog.cs",1875,payload
"Assets/AAAGame/Scripts/UI/RatingDialog.cs.meta",254,meta
"Assets/AAAGame/Scripts/UI/RuntimeEntityStatsOverlay.cs",16696,payload
"Assets/AAAGame/Scripts/UI/RuntimeEntityStatsOverlay.cs.meta",254,meta
"Assets/AAAGame/Scripts/UI/SettingDialog.cs",6075,payload
"Assets/AAAGame/Scripts/UI/SettingDialog.cs.meta",254,meta
"Assets/AAAGame/Scripts/UI/ShopUIForm.cs",17593,payload
"Assets/AAAGame/Scripts/UI/ShopUIForm.cs.meta",254,meta
"Assets/AAAGame/Scripts/UI/SideTipsUIForm.cs",9749,payload
"Assets/AAAGame/Scripts/UI/SideTipsUIForm.cs.meta",254,meta
"Assets/AAAGame/Scripts/UI/SkillCastPresentationService.cs",9850,payload
"Assets/AAAGame/Scripts/UI/SkillCastPresentationService.cs.meta",243,meta
"Assets/AAAGame/Scripts/UI/SkillSlotInputProxy.cs",5562,payload
"Assets/AAAGame/Scripts/UI/SkillSlotInputProxy.cs.meta",254,meta
"Assets/AAAGame/Scripts/UI/StoryUIForm.cs",23754,payload
"Assets/AAAGame/Scripts/UI/StoryUIForm.cs.meta",243,meta
"Assets/AAAGame/Scripts/UI/SupplyUIForm.cs",1136,payload
"Assets/AAAGame/Scripts/UI/SupplyUIForm.cs.meta",254,meta
"Assets/AAAGame/Scripts/UI/ToastTips.cs",1277,payload
"Assets/AAAGame/Scripts/UI/ToastTips.cs.meta",254,meta
"Assets/AAAGame/Scripts/UI/UIItemVariables.meta",180,meta
"Assets/AAAGame/Scripts/UI/UIItemVariables/BuildingInfoItem.Variables.cs",1015,payload
"Assets/AAAGame/Scripts/UI/UIItemVariables/BuildingInfoItem.Variables.cs.meta",254,meta
"Assets/AAAGame/Scripts/UI/UIItemVariables/DefendEnemySketchItem.Variables.cs",474,payload
"Assets/AAAGame/Scripts/UI/UIItemVariables/DefendEnemySketchItem.Variables.cs.meta",254,meta
"Assets/AAAGame/Scripts/UI/UIItemVariables/GoalConditionItem.Variables.cs",422,payload
"Assets/AAAGame/Scripts/UI/UIItemVariables/GoalConditionItem.Variables.cs.meta",254,meta
"Assets/AAAGame/Scripts/UI/UIItemVariables/IconNumItem.Variables.cs",405,payload
"Assets/AAAGame/Scripts/UI/UIItemVariables/IconNumItem.Variables.cs.meta",254,meta
"Assets/AAAGame/Scripts/UI/UIItemVariables/IndustryOptionItem.Variables.cs",529,payload
"Assets/AAAGame/Scripts/UI/UIItemVariables/IndustryOptionItem.Variables.cs.meta",254,meta
"Assets/AAAGame/Scripts/UI/UIItemVariables/InteractOptionUnit.Variables.cs",600,payload
"Assets/AAAGame/Scripts/UI/UIItemVariables/InteractOptionUnit.Variables.cs.meta",254,meta
"Assets/AAAGame/Scripts/UI/UIItemVariables/ItemUnit.Variables.cs",407,payload
"Assets/AAAGame/Scripts/UI/UIItemVariables/ItemUnit.Variables.cs.meta",254,meta
"Assets/AAAGame/Scripts/UI/UIItemVariables/LanguageItem.Variables.cs",404,payload
"Assets/AAAGame/Scripts/UI/UIItemVariables/LanguageItem.Variables.cs.meta",254,meta
"Assets/AAAGame/Scripts/UI/UIItemVariables/LvTagItem.Variables.cs",467,payload
"Assets/AAAGame/Scripts/UI/UIItemVariables/LvTagItem.Variables.cs.meta",254,meta
"Assets/AAAGame/Scripts/UI/UIItemVariables/ResourceUnit.Variables.cs",415,payload
"Assets/AAAGame/Scripts/UI/UIItemVariables/ResourceUnit.Variables.cs.meta",254,meta
"Assets/AAAGame/Scripts/UI/UIItemVariables/StarItem.Variables.cs",334,payload
"Assets/AAAGame/Scripts/UI/UIItemVariables/StarItem.Variables.cs.meta",254,meta
"Assets/AAAGame/Scripts/UI/UIItemVariables/TextLineUnit.Variables.cs",342,payload
"Assets/AAAGame/Scripts/UI/UIItemVariables/TextLineUnit.Variables.cs.meta",254,meta
"Assets/AAAGame/Scripts/UI/UIItemVariables/TipsItem.Variables.cs",460,payload
"Assets/AAAGame/Scripts/UI/UIItemVariables/TipsItem.Variables.cs.meta",254,meta
"Assets/AAAGame/Scripts/UI/UIItemVariables/UpgradeButtonItem.Variables.cs",982,payload
"Assets/AAAGame/Scripts/UI/UIItemVariables/UpgradeButtonItem.Variables.cs.meta",254,meta
"Assets/AAAGame/Scripts/UI/UITopbar.cs",2744,payload
"Assets/AAAGame/Scripts/UI/UITopbar.cs.meta",254,meta
"Assets/AAAGame/Scripts/UI/UIVariables.meta",180,meta
"Assets/AAAGame/Scripts/UI/UIVariables/BuildingBuildTips.Variables.cs",662,payload
"Assets/AAAGame/Scripts/UI/UIVariables/BuildingBuildTips.Variables.cs.meta",254,meta
"Assets/AAAGame/Scripts/UI/UIVariables/BuildingInfoTips.Variables.cs",671,payload
"Assets/AAAGame/Scripts/UI/UIVariables/BuildingInfoTips.Variables.cs.meta",254,meta
"Assets/AAAGame/Scripts/UI/UIVariables/BuildingUpgradeTips.Variables.cs",1011,payload
"Assets/AAAGame/Scripts/UI/UIVariables/BuildingUpgradeTips.Variables.cs.meta",254,meta
"Assets/AAAGame/Scripts/UI/UIVariables/GameOverUIForm.Variables.cs",454,payload
"Assets/AAAGame/Scripts/UI/UIVariables/GameOverUIForm.Variables.cs.meta",254,meta
"Assets/AAAGame/Scripts/UI/UIVariables/GameUIForm.Variables.cs",334,payload
"Assets/AAAGame/Scripts/UI/UIVariables/GameUIForm.Variables.cs.meta",254,meta
"Assets/AAAGame/Scripts/UI/UIVariables/GoalUIForm.Variables.cs",461,payload
"Assets/AAAGame/Scripts/UI/UIVariables/GoalUIForm.Variables.cs.meta",254,meta
"Assets/AAAGame/Scripts/UI/UIVariables/InGameUIForm.Variables.cs",1042,payload
"Assets/AAAGame/Scripts/UI/UIVariables/InGameUIForm.Variables.cs.meta",254,meta
"Assets/AAAGame/Scripts/UI/UIVariables/InteractOptionTips.Variables.cs",471,payload
"Assets/AAAGame/Scripts/UI/UIVariables/InteractOptionTips.Variables.cs.meta",254,meta
"Assets/AAAGame/Scripts/UI/UIVariables/LanguagesDialog.Variables.cs",411,payload
"Assets/AAAGame/Scripts/UI/UIVariables/LanguagesDialog.Variables.cs.meta",254,meta
"Assets/AAAGame/Scripts/UI/UIVariables/LevelSwitchUIForm.Variables.cs",615,payload
"Assets/AAAGame/Scripts/UI/UIVariables/LevelSwitchUIForm.Variables.cs.meta",254,meta
"Assets/AAAGame/Scripts/UI/UIVariables/LvEnterDialog.Variables.cs",822,payload
"Assets/AAAGame/Scripts/UI/UIVariables/LvEnterDialog.Variables.cs.meta",254,meta
"Assets/AAAGame/Scripts/UI/UIVariables/MenuUIForm.Variables.cs",332,payload
"Assets/AAAGame/Scripts/UI/UIVariables/MenuUIForm.Variables.cs.meta",254,meta
"Assets/AAAGame/Scripts/UI/UIVariables/RatingDialog.Variables.cs",401,payload
"Assets/AAAGame/Scripts/UI/UIVariables/RatingDialog.Variables.cs.meta",254,meta
"Assets/AAAGame/Scripts/UI/UIVariables/SettingDialog.Variables.cs",1010,payload
"Assets/AAAGame/Scripts/UI/UIVariables/SettingDialog.Variables.cs.meta",254,meta
"Assets/AAAGame/Scripts/UI/UIVariables/SideTipsUIForm.Variables.cs",322,payload
"Assets/AAAGame/Scripts/UI/UIVariables/SideTipsUIForm.Variables.cs.meta",254,meta
"Assets/AAAGame/Scripts/UI/UIVariables/SupplyUIForm.Variables.cs",341,payload
"Assets/AAAGame/Scripts/UI/UIVariables/SupplyUIForm.Variables.cs.meta",254,meta
"Assets/AAAGame/Scripts/UI/UIVariables/ToastTips.Variables.cs",406,payload
"Assets/AAAGame/Scripts/UI/UIVariables/ToastTips.Variables.cs.meta",254,meta
"Assets/AAAGame/Scripts/UI/UIVariables/UITopbar.Variables.cs",754,payload
"Assets/AAAGame/Scripts/UI/UIVariables/UITopbar.Variables.cs.meta",254,meta
"Assets/AAAGame/Scripts/UI/UnlockPresentationService.cs",4737,payload
"Assets/AAAGame/Scripts/UI/UnlockPresentationService.cs.meta",243,meta
"Assets/AAAGame/Scripts/UTManagers.meta",180,meta
"Assets/AAAGame/Scripts/UTManagers/CardSetup.cs",14972,payload
"Assets/AAAGame/Scripts/UTManagers/CardSetup.cs.meta",254,meta
"Assets/AAAGame/Scripts/UTManagers/GeneralSetup.cs",13836,payload
"Assets/AAAGame/Scripts/UTManagers/GeneralSetup.cs.meta",254,meta
"Assets/AAAGame/Scripts/UTManagers/InputManager.cs",19696,payload
"Assets/AAAGame/Scripts/UTManagers/InputManager.cs.meta",256,meta
"Assets/AAAGame/Scripts/UTManagers/InputManager.UIControl.cs",7431,payload
"Assets/AAAGame/Scripts/UTManagers/InputManager.UIControl.cs.meta",254,meta
"Assets/AAAGame/Scripts/UTManagers/MinimapSetup.cs",2654,payload
"Assets/AAAGame/Scripts/UTManagers/MinimapSetup.cs.meta",254,meta
"Assets/AAAGame/Scripts/UTManagers/StoryManager.cs",5167,payload
"Assets/AAAGame/Scripts/UTManagers/StoryManager.cs.meta",243,meta
"Assets/AAAGame/SOs/SkillCompFactory/CharacterSkillFactory.asset",1183,payload
"Assets/AAAGame/SOs/SkillCompFactory/CharacterSkillFactory.asset.meta",197,meta
"Assets/AAAGame/SOs/SkillCompFactory/PlayerSkillFactory.asset",1180,payload
"Assets/AAAGame/SOs/SkillCompFactory/PlayerSkillFactory.asset.meta",197,meta
"Assets/AAAGame/SOs/Skills/SelectPositionSkill.asset",681,payload
"Assets/AAAGame/SOs/Skills/SelectPositionSkill.asset.meta",197,meta
"Assets/AAAGame/SOs/Skills/SelectTestSkill.asset",823,payload
"Assets/AAAGame/SOs/Skills/SelectTestSkill.asset.meta",197,meta
"Assets/AAAGame/SOs/Skills/Skill_BladeDance.asset",606,payload
"Assets/AAAGame/SOs/Skills/Skill_BladeDance.asset.meta",197,meta
"Assets/AAAGame/SOs/Skills/Skill_CheerSquad.asset",449,payload
"Assets/AAAGame/SOs/Skills/Skill_CheerSquad.asset.meta",197,meta
"Assets/AAAGame/SOs/Skills/Skill_Disarm.asset",440,payload
"Assets/AAAGame/SOs/Skills/Skill_Disarm.asset.meta",197,meta
"Assets/AAAGame/SOs/Skills/Skill_FireDrill.asset",680,payload
"Assets/AAAGame/SOs/Skills/Skill_FireDrill.asset.meta",197,meta
"Assets/AAAGame/SOs/Skills/Skill_GiantSlayer.asset",450,payload
"Assets/AAAGame/SOs/Skills/Skill_GiantSlayer.asset.meta",197,meta
"Assets/AAAGame/SOs/Skills/Skill_Injection.asset",604,payload
"Assets/AAAGame/SOs/Skills/Skill_Injection.asset.meta",197,meta
"Assets/AAAGame/SOs/Skills/Skill_JustPassingBy.asset",684,payload
"Assets/AAAGame/SOs/Skills/Skill_JustPassingBy.asset.meta",197,meta
"Assets/AAAGame/SOs/Skills/Skill_LightLoad.asset",446,payload
"Assets/AAAGame/SOs/Skills/Skill_LightLoad.asset.meta",197,meta
"Assets/AAAGame/SOs/Skills/Skill_NeatAndTidy.asset",450,payload
"Assets/AAAGame/SOs/Skills/Skill_NeatAndTidy.asset.meta",197,meta
"Assets/AAAGame/SOs/Skills/Skill_UrgentRequest.asset",687,payload
"Assets/AAAGame/SOs/Skills/Skill_UrgentRequest.asset.meta",197,meta
"Assets/AAAGame/Sprites/建筑预览/Buil_DrinkStand.png",124716,payload
"Assets/AAAGame/Sprites/建筑预览/Buil_DrinkStand.png.meta",2737,meta
"Assets/AAAGame/Sprites/建筑预览/Buil_GiantMascot.png",107745,payload
"Assets/AAAGame/Sprites/建筑预览/Buil_GiantMascot.png.meta",2737,meta
"Assets/AAAGame/Sprites/建筑预览/Buil_InterviewRoom.png",83471,payload
"Assets/AAAGame/Sprites/建筑预览/Buil_InterviewRoom.png.meta",2737,meta
"Assets/AAAGame/Sprites/建筑预览/Buil_MeatStall.png",65591,payload
"Assets/AAAGame/Sprites/建筑预览/Buil_MeatStall.png.meta",2737,meta
"Assets/AAAGame/Sprites/建筑预览/Buil_MiningRig.png",66738,payload
"Assets/AAAGame/Sprites/建筑预览/Buil_MiningRig.png.meta",2737,meta
"Assets/AAAGame/Sprites/建筑预览/Buil_NavStation.png",94798,payload
"Assets/AAAGame/Sprites/建筑预览/Buil_NavStation.png.meta",2737,meta
"Assets/AAAGame/Sprites/建筑预览/Buil_OtakuDesk.png",129928,payload
"Assets/AAAGame/Sprites/建筑预览/Buil_OtakuDesk.png.meta",2737,meta
"Assets/AAAGame/Sprites/建筑预览/Buil_ParcelLocker.png",116216,payload
"Assets/AAAGame/Sprites/建筑预览/Buil_ParcelLocker.png.meta",2737,meta
"Assets/AAAGame/Sprites/建筑预览/Buil_PickupPoint.png",149978,payload
"Assets/AAAGame/Sprites/建筑预览/Buil_PickupPoint.png.meta",2737,meta
"Assets/AAAGame/Sprites/建筑预览/Buil_QualityCheck.png",84484,payload
"Assets/AAAGame/Sprites/建筑预览/Buil_QualityCheck.png.meta",2737,meta
"Assets/AAAGame/Sprites/建筑预览/Buil_ServerRoom.png",92512,payload
"Assets/AAAGame/Sprites/建筑预览/Buil_ServerRoom.png.meta",2737,meta
"Assets/AAAGame/Sprites/建筑预览/Buil_Slaughterhouse.png",103865,payload
"Assets/AAAGame/Sprites/建筑预览/Buil_Slaughterhouse.png.meta",2737,meta
"Assets/AAAGame/Sprites/建筑预览/Buil_SouvenirStand.png",89071,payload
"Assets/AAAGame/Sprites/建筑预览/Buil_SouvenirStand.png.meta",2737,meta
"Assets/AAAGame/Sprites/BuildingBuildTips/1-2.png",74428,payload
"Assets/AAAGame/Sprites/BuildingBuildTips/1-2.png.meta",2745,meta
"Assets/AAAGame/Sprites/BuildingBuildTips/2-3.png",103049,payload
"Assets/AAAGame/Sprites/BuildingBuildTips/2-3.png.meta",2745,meta
"Assets/AAAGame/Sprites/BuildingBuildTips/背景方便看_2.png",32314251,payload
"Assets/AAAGame/Sprites/BuildingBuildTips/背景方便看_2.png.meta",2746,meta
"Assets/AAAGame/Sprites/BuildingBuildTips/背景方便看.png",2508124,payload
"Assets/AAAGame/Sprites/BuildingBuildTips/背景方便看.png.meta",2744,meta
"Assets/AAAGame/Sprites/BuildingBuildTips/标识占位_拷贝.png",3757,payload
"Assets/AAAGame/Sprites/BuildingBuildTips/标识占位_拷贝.png.meta",2742,meta
"Assets/AAAGame/Sprites/BuildingBuildTips/标识占位.png",3757,payload
"Assets/AAAGame/Sprites/BuildingBuildTips/标识占位.png.meta",2739,meta
"Assets/AAAGame/Sprites/BuildingBuildTips/地图层.png",1795151,payload
"Assets/AAAGame/Sprites/BuildingBuildTips/地图层.png.meta",2741,meta
"Assets/AAAGame/Sprites/BuildingBuildTips/顶.png",45468,payload
"Assets/AAAGame/Sprites/BuildingBuildTips/顶.png.meta",2737,meta
"Assets/AAAGame/Sprites/BuildingBuildTips/分隔线.png",375579,payload
"Assets/AAAGame/Sprites/BuildingBuildTips/分隔线.png.meta",3298,meta
"Assets/AAAGame/Sprites/BuildingBuildTips/过程中.png",21381,payload
"Assets/AAAGame/Sprites/BuildingBuildTips/过程中.png.meta",2741,meta
"Assets/AAAGame/Sprites/BuildingBuildTips/建造1底.png",341046,payload
"Assets/AAAGame/Sprites/BuildingBuildTips/建造1底.png.meta",2752,meta
"Assets/AAAGame/Sprites/BuildingBuildTips/建造2底图.png",375579,payload
"Assets/AAAGame/Sprites/BuildingBuildTips/建造2底图.png.meta",3298,meta
"Assets/AAAGame/Sprites/BuildingBuildTips/进度占位_1.png",16333,payload
"Assets/AAAGame/Sprites/BuildingBuildTips/进度占位_1.png.meta",2741,meta
"Assets/AAAGame/Sprites/BuildingBuildTips/进度占位_2.png",16333,payload
"Assets/AAAGame/Sprites/BuildingBuildTips/进度占位_2.png.meta",2741,meta
"Assets/AAAGame/Sprites/BuildingBuildTips/进度占位_3.png",16333,payload
"Assets/AAAGame/Sprites/BuildingBuildTips/进度占位_3.png.meta",2741,meta
"Assets/AAAGame/Sprites/BuildingBuildTips/进度占位.png",16333,payload
"Assets/AAAGame/Sprites/BuildingBuildTips/进度占位.png.meta",2741,meta
"Assets/AAAGame/Sprites/BuildingBuildTips/矩形_619.png",35017,payload
"Assets/AAAGame/Sprites/BuildingBuildTips/矩形_619.png.meta",2741,meta
"Assets/AAAGame/Sprites/BuildingBuildTips/矩形_711_拷贝_2.png",4217,payload
"Assets/AAAGame/Sprites/BuildingBuildTips/矩形_711_拷贝_2.png.meta",2743,meta
"Assets/AAAGame/Sprites/BuildingBuildTips/矩形_711_拷贝_3.png",4217,payload
"Assets/AAAGame/Sprites/BuildingBuildTips/矩形_711_拷贝_3.png.meta",2744,meta
"Assets/AAAGame/Sprites/BuildingBuildTips/矩形_711_拷贝_4.png",4217,payload
"Assets/AAAGame/Sprites/BuildingBuildTips/矩形_711_拷贝_4.png.meta",2743,meta
"Assets/AAAGame/Sprites/BuildingBuildTips/矩形_711_拷贝_5.png",4217,payload
"Assets/AAAGame/Sprites/BuildingBuildTips/矩形_711_拷贝_5.png.meta",2744,meta
"Assets/AAAGame/Sprites/BuildingBuildTips/卡槽本体.png",4446757,payload
"Assets/AAAGame/Sprites/BuildingBuildTips/卡槽本体.png.meta",2742,meta
"Assets/AAAGame/Sprites/BuildingBuildTips/满级底图.png",521627,payload
"Assets/AAAGame/Sprites/BuildingBuildTips/满级底图.png.meta",2741,meta
"Assets/AAAGame/Sprites/BuildingBuildTips/删除1_2.png",3367,payload
"Assets/AAAGame/Sprites/BuildingBuildTips/删除1_2.png.meta",2740,meta
"Assets/AAAGame/Sprites/BuildingBuildTips/删除1.png",3367,payload
"Assets/AAAGame/Sprites/BuildingBuildTips/删除1.png.meta",2741,meta
"Assets/AAAGame/Sprites/BuildingBuildTips/升级底图.png",525293,payload
"Assets/AAAGame/Sprites/BuildingBuildTips/升级底图.png.meta",2741,meta
"Assets/AAAGame/Sprites/BuildingBuildTips/天数终.png",476809,payload
"Assets/AAAGame/Sprites/BuildingBuildTips/天数终.png.meta",2737,meta
"Assets/AAAGame/Sprites/BuildingBuildTips/条件点1.png",685,payload
"Assets/AAAGame/Sprites/BuildingBuildTips/条件点1.png.meta",2737,meta
"Assets/AAAGame/Sprites/BuildingBuildTips/条件点2.png",685,payload
"Assets/AAAGame/Sprites/BuildingBuildTips/条件点2.png.meta",2737,meta
"Assets/AAAGame/Sprites/BuildingBuildTips/条件点3.png",700,payload
"Assets/AAAGame/Sprites/BuildingBuildTips/条件点3.png.meta",2737,meta
"Assets/AAAGame/Sprites/BuildingBuildTips/条件完成效果.png",701,payload
"Assets/AAAGame/Sprites/BuildingBuildTips/条件完成效果.png.meta",2737,meta
"Assets/AAAGame/Sprites/BuildingBuildTips/图案_1.png",42771,payload
"Assets/AAAGame/Sprites/BuildingBuildTips/图案_1.png.meta",2745,meta
"Assets/AAAGame/Sprites/BuildingBuildTips/图案_拷贝.png",42771,payload
"Assets/AAAGame/Sprites/BuildingBuildTips/图案_拷贝.png.meta",2745,meta
"Assets/AAAGame/Sprites/BuildingBuildTips/图案.png",42771,payload
"Assets/AAAGame/Sprites/BuildingBuildTips/图案.png.meta",2745,meta
"Assets/AAAGame/Sprites/BuildingBuildTips/图层_210_拷贝_2.png",1240,payload
"Assets/AAAGame/Sprites/BuildingBuildTips/图层_210_拷贝_2.png.meta",2737,meta
"Assets/AAAGame/Sprites/BuildingBuildTips/图层_210_拷贝_3.png",1240,payload
"Assets/AAAGame/Sprites/BuildingBuildTips/图层_210_拷贝_3.png.meta",2737,meta
"Assets/AAAGame/Sprites/BuildingBuildTips/图层_210_拷贝.png",1240,payload
"Assets/AAAGame/Sprites/BuildingBuildTips/图层_210_拷贝.png.meta",2737,meta
"Assets/AAAGame/Sprites/BuildingBuildTips/图层_3.png",171396,payload
"Assets/AAAGame/Sprites/BuildingBuildTips/图层_3.png.meta",2741,meta
"Assets/AAAGame/Sprites/BuildingBuildTips/图层_37_1.png",966,payload
"Assets/AAAGame/Sprites/BuildingBuildTips/图层_37_1.png.meta",2737,meta
"Assets/AAAGame/Sprites/BuildingBuildTips/图层_37.png",966,payload
"Assets/AAAGame/Sprites/BuildingBuildTips/图层_37.png.meta",2737,meta
"Assets/AAAGame/Sprites/BuildingBuildTips/图层_38_1.png",965,payload
"Assets/AAAGame/Sprites/BuildingBuildTips/图层_38_1.png.meta",2737,meta
"Assets/AAAGame/Sprites/BuildingBuildTips/图层_38.png",965,payload
"Assets/AAAGame/Sprites/BuildingBuildTips/图层_38.png.meta",2737,meta
"Assets/AAAGame/Sprites/BuildingBuildTips/图层_40.png",966,payload
"Assets/AAAGame/Sprites/BuildingBuildTips/图层_40.png.meta",2737,meta
"Assets/AAAGame/Sprites/BuildingBuildTips/图层_41.png",965,payload
"Assets/AAAGame/Sprites/BuildingBuildTips/图层_41.png.meta",2737,meta
"Assets/AAAGame/Sprites/BuildingBuildTips/图层_696_拷贝.png",21760,payload
"Assets/AAAGame/Sprites/BuildingBuildTips/图层_696_拷贝.png.meta",2744,meta
"Assets/AAAGame/Sprites/BuildingBuildTips/图层_801_拷贝_4.png",23985,payload
"Assets/AAAGame/Sprites/BuildingBuildTips/图层_801_拷贝_4.png.meta",2737,meta
"Assets/AAAGame/Sprites/BuildingBuildTips/图片层.png",8842,payload
"Assets/AAAGame/Sprites/BuildingBuildTips/图片层.png.meta",2745,meta
"Assets/AAAGame/Sprites/BuildingBuildTips/椭圆_612_拷贝_3.png",7331,payload
"Assets/AAAGame/Sprites/BuildingBuildTips/椭圆_612_拷贝_3.png.meta",2739,meta
"Assets/AAAGame/Sprites/BuildingBuildTips/椭圆_612_拷贝_5.png",7261,payload
"Assets/AAAGame/Sprites/BuildingBuildTips/椭圆_612_拷贝_5.png.meta",2739,meta
"Assets/AAAGame/Sprites/BuildingBuildTips/椭圆_612_拷贝_6.png",7331,payload
"Assets/AAAGame/Sprites/BuildingBuildTips/椭圆_612_拷贝_6.png.meta",2739,meta
"Assets/AAAGame/Sprites/BuildingBuildTips/椭圆_612_拷贝_7.png",7296,payload
"Assets/AAAGame/Sprites/BuildingBuildTips/椭圆_612_拷贝_7.png.meta",2739,meta
"Assets/AAAGame/Sprites/BuildingBuildTips/位置示意.png",109153,payload
"Assets/AAAGame/Sprites/BuildingBuildTips/位置示意.png.meta",2742,meta
"Assets/AAAGame/Sprites/BuildingBuildTips/文字框.png",85613,payload
"Assets/AAAGame/Sprites/BuildingBuildTips/文字框.png.meta",2737,meta
"Assets/AAAGame/Sprites/BuildingBuildTips/选择效果.png",1673,payload
"Assets/AAAGame/Sprites/BuildingBuildTips/选择效果.png.meta",2737,meta
"Assets/AAAGame/Sprites/BuildingBuildTips/选中效果.png",9792,payload
"Assets/AAAGame/Sprites/BuildingBuildTips/选中效果.png.meta",2739,meta
"Assets/AAAGame/Sprites/BuildingBuildTips/意识容量终.png",57833,payload
"Assets/AAAGame/Sprites/BuildingBuildTips/意识容量终.png.meta",2741,meta
"Assets/AAAGame/Sprites/BuildingBuildTips/展开.png",430,payload
"Assets/AAAGame/Sprites/BuildingBuildTips/展开.png.meta",2737,meta
"Assets/AAAGame/Sprites/BuildingBuildTips/占位点_2.png",701,payload
"Assets/AAAGame/Sprites/BuildingBuildTips/占位点_2.png.meta",2737,meta
"Assets/AAAGame/Sprites/BuildingBuildTips/占位点_完成.png",740,payload
"Assets/AAAGame/Sprites/BuildingBuildTips/占位点_完成.png.meta",2737,meta
"Assets/AAAGame/Sprites/BuildingBuildTips/占位点.png",701,payload
"Assets/AAAGame/Sprites/BuildingBuildTips/占位点.png.meta",2737,meta
"Assets/AAAGame/Sprites/BuildingBuildTips/指令元终.png",58857,payload
"Assets/AAAGame/Sprites/BuildingBuildTips/指令元终.png.meta",2741,meta
"Assets/AAAGame/Sprites/BuildingBuildTips/组_46_拷贝_2.png",1722,payload
"Assets/AAAGame/Sprites/BuildingBuildTips/组_46_拷贝_2.png.meta",2739,meta
"Assets/AAAGame/Sprites/BuildingBuildTips/组_46_拷贝_3.png",1722,payload
"Assets/AAAGame/Sprites/BuildingBuildTips/组_46_拷贝_3.png.meta",2739,meta
"Assets/AAAGame/Sprites/BuildingBuildTips/组_46_拷贝_4.png",1722,payload
"Assets/AAAGame/Sprites/BuildingBuildTips/组_46_拷贝_4.png.meta",2739,meta
"Assets/AAAGame/Sprites/BuildingBuildTips/组_47_拷贝_3.png",100087,payload
"Assets/AAAGame/Sprites/BuildingBuildTips/组_47_拷贝_3.png.meta",2745,meta
"Assets/AAAGame/Sprites/BuildingBuildTips/组_49.png",1423218,payload
"Assets/AAAGame/Sprites/BuildingBuildTips/组_49.png.meta",2742,meta
"Assets/AAAGame/Sprites/BuildingBuildTips/组_55.png",80728,payload
"Assets/AAAGame/Sprites/BuildingBuildTips/组_55.png.meta",2746,meta
"Assets/AAAGame/Sprites/BuildingBuildTips/组_84_拷贝_2.png",8658,payload
"Assets/AAAGame/Sprites/BuildingBuildTips/组_84_拷贝_2.png.meta",2737,meta
"Assets/AAAGame/Sprites/BuildingBuildTips/组_84_拷贝_3.png",7328,payload
"Assets/AAAGame/Sprites/BuildingBuildTips/组_84_拷贝_3.png.meta",2737,meta
"Assets/AAAGame/Sprites/BuildingBuildTips/组_84_拷贝_4.png",7328,payload
"Assets/AAAGame/Sprites/BuildingBuildTips/组_84_拷贝_4.png.meta",2737,meta
"Assets/AAAGame/Sprites/BuildingBuildTips/组_84_拷贝_5.png",7328,payload
"Assets/AAAGame/Sprites/BuildingBuildTips/组_84_拷贝_5.png.meta",2737,meta
"Assets/AAAGame/Sprites/BuildingBuildTips/组_84_拷贝_6.png",7328,payload
"Assets/AAAGame/Sprites/BuildingBuildTips/组_84_拷贝_6.png.meta",2737,meta
"Assets/AAAGame/Sprites/BuildingBuildTips/组_84_拷贝_7.png",7332,payload
"Assets/AAAGame/Sprites/BuildingBuildTips/组_84_拷贝_7.png.meta",2737,meta
"Assets/AAAGame/Sprites/BuildingBuildTips/组_84_拷贝.png",8658,payload
"Assets/AAAGame/Sprites/BuildingBuildTips/组_84_拷贝.png.meta",2737,meta
"Assets/AAAGame/Sprites/BuildingBuildTips/esc终.png",58621,payload
"Assets/AAAGame/Sprites/BuildingBuildTips/esc终.png.meta",2737,meta
"Assets/AAAGame/Sprites/BuildingBuildTips/logo_拷贝_2.png",703210,payload
"Assets/AAAGame/Sprites/BuildingBuildTips/logo_拷贝_2.png.meta",2737,meta
"Assets/AAAGame/Sprites/BuildingBuildTips/logo_拷贝_3.png",742014,payload
"Assets/AAAGame/Sprites/BuildingBuildTips/logo_拷贝_3.png.meta",2737,meta
"Assets/AAAGame/Sprites/BuildingBuildTips/logo_拷贝.png",597914,payload
"Assets/AAAGame/Sprites/BuildingBuildTips/logo_拷贝.png.meta",2737,meta
"Assets/AAAGame/Sprites/BuildingBuildTips/α.png",3078,payload
"Assets/AAAGame/Sprites/BuildingBuildTips/α.png.meta",2737,meta
"Assets/AAAGame/Sprites/BuildingBuildTips/α选择效果.png",14745,payload
"Assets/AAAGame/Sprites/BuildingBuildTips/α选择效果.png.meta",2737,meta
"Assets/AAAGame/Sprites/BuildingBuildTips/β_选择效果.png",17118,payload
"Assets/AAAGame/Sprites/BuildingBuildTips/β_选择效果.png.meta",2737,meta
"Assets/AAAGame/Sprites/BuildingBuildTips/β.png",3773,payload
"Assets/AAAGame/Sprites/BuildingBuildTips/β.png.meta",2740,meta
"Assets/AAAGame/Sprites/BuildingBuildTips/γ_选择效果.png",14072,payload
"Assets/AAAGame/Sprites/BuildingBuildTips/γ_选择效果.png.meta",2740,meta
"Assets/AAAGame/Sprites/BuildingBuildTips/γ.png",2936,payload
"Assets/AAAGame/Sprites/BuildingBuildTips/γ.png.meta",2740,meta
"Assets/AAAGame/Sprites/BuildingBuildTips/δ_选择效果.png",16976,payload
"Assets/AAAGame/Sprites/BuildingBuildTips/δ_选择效果.png.meta",2740,meta
"Assets/AAAGame/Sprites/BuildingBuildTips/δ.png",3721,payload
"Assets/AAAGame/Sprites/BuildingBuildTips/δ.png.meta",2739,meta
"Assets/AAAGame/Tests/Captures.meta",172,meta
"Assets/AAAGame/Tests/Editor.meta",180,meta
"Assets/AAAGame/Tests/Editor/AAAGame.Tests.Editor.asmdef",792,payload
"Assets/AAAGame/Tests/Editor/AAAGame.Tests.Editor.asmdef.meta",173,meta
"Assets/AAAGame/Tests/Editor/BuffLogicTimeTests.cs",13777,payload
"Assets/AAAGame/Tests/Editor/BuffLogicTimeTests.cs.meta",243,meta
"Assets/AAAGame/Tests/Editor/BuildingLevelTechRoutingTests.cs",9871,payload
"Assets/AAAGame/Tests/Editor/BuildingLevelTechRoutingTests.cs.meta",254,meta
"Assets/AAAGame/Tests/Editor/BuildingStealthVisualTests.cs",5589,payload
"Assets/AAAGame/Tests/Editor/BuildingStealthVisualTests.cs.meta",251,meta
"Assets/AAAGame/Tests/Editor/BuildingTechRuntimeDeterminismTests.cs",3844,payload
"Assets/AAAGame/Tests/Editor/BuildingTechRuntimeDeterminismTests.cs.meta",243,meta
"Assets/AAAGame/Tests/Editor/CameraControllerScreenEdgePanTests.cs",3240,payload
"Assets/AAAGame/Tests/Editor/CameraControllerScreenEdgePanTests.cs.meta",254,meta
"Assets/AAAGame/Tests/Editor/CareerSystemsTests.cs",46556,payload
"Assets/AAAGame/Tests/Editor/CareerSystemsTests.cs.meta",243,meta
"Assets/AAAGame/Tests/Editor/ComponentLockingTests.cs",1649,payload
"Assets/AAAGame/Tests/Editor/ComponentLockingTests.cs.meta",254,meta
"Assets/AAAGame/Tests/Editor/CreaturePropertyManagerTests.cs",3421,payload
"Assets/AAAGame/Tests/Editor/CreaturePropertyManagerTests.cs.meta",251,meta
"Assets/AAAGame/Tests/Editor/DeterministicAgentCollisionTests.cs",8641,payload
"Assets/AAAGame/Tests/Editor/DeterministicAgentCollisionTests.cs.meta",243,meta
"Assets/AAAGame/Tests/Editor/DeterministicProgressAccumulatorTests.cs",2850,payload
"Assets/AAAGame/Tests/Editor/DeterministicProgressAccumulatorTests.cs.meta",243,meta
"Assets/AAAGame/Tests/Editor/DeterministicStaticCollisionTests.cs",16970,payload
"Assets/AAAGame/Tests/Editor/DeterministicStaticCollisionTests.cs.meta",254,meta
"Assets/AAAGame/Tests/Editor/DirectAtkCompTests.cs",42501,payload
"Assets/AAAGame/Tests/Editor/DirectAtkCompTests.cs.meta",254,meta
"Assets/AAAGame/Tests/Editor/DurationMoveEffectTests.cs",24477,payload
"Assets/AAAGame/Tests/Editor/DurationMoveEffectTests.cs.meta",254,meta
"Assets/AAAGame/Tests/Editor/EnemyStrongholdFogParticleBaselineTests.cs",1422,payload
"Assets/AAAGame/Tests/Editor/EnemyStrongholdFogParticleBaselineTests.cs.meta",243,meta
"Assets/AAAGame/Tests/Editor/EntityLogicLayerLifecycleTests.cs",1403,payload
"Assets/AAAGame/Tests/Editor/EntityLogicLayerLifecycleTests.cs.meta",62,meta
"Assets/AAAGame/Tests/Editor/EntityPresentationPipelineTests.cs",14821,payload
"Assets/AAAGame/Tests/Editor/EntityPresentationPipelineTests.cs.meta",254,meta
"Assets/AAAGame/Tests/Editor/FactoryHelperPreloadTests.cs",4200,payload
"Assets/AAAGame/Tests/Editor/FactoryHelperPreloadTests.cs.meta",62,meta
"Assets/AAAGame/Tests/Editor/Fix64Tests.cs",7186,payload
"Assets/AAAGame/Tests/Editor/Fix64Tests.cs.meta",254,meta
"Assets/AAAGame/Tests/Editor/FlowFieldCrowdMovementSystemTests.cs",784622,payload
"Assets/AAAGame/Tests/Editor/FlowFieldCrowdMovementSystemTests.cs.meta",254,meta
"Assets/AAAGame/Tests/Editor/FlowFieldManualBatchRunner.cs",2663,payload
"Assets/AAAGame/Tests/Editor/FlowFieldManualBatchRunner.cs.meta",243,meta
"Assets/AAAGame/Tests/Editor/FlowNavigationGridPrefabBakerTests.cs",25052,payload
"Assets/AAAGame/Tests/Editor/FlowNavigationGridPrefabBakerTests.cs.meta",243,meta
"Assets/AAAGame/Tests/Editor/Fog3StageCheckpointTests.cs",22876,payload
"Assets/AAAGame/Tests/Editor/Fog3StageCheckpointTests.cs.meta",243,meta
"Assets/AAAGame/Tests/Editor/group_move_test.html",12983,payload
"Assets/AAAGame/Tests/Editor/group_move_test.html.meta",165,meta
"Assets/AAAGame/Tests/Editor/HealthBarCompTests.cs",5888,payload
"Assets/AAAGame/Tests/Editor/HealthBarCompTests.cs.meta",62,meta
"Assets/AAAGame/Tests/Editor/HealthContainerTests.cs",1995,payload
"Assets/AAAGame/Tests/Editor/HealthContainerTests.cs.meta",254,meta
"Assets/AAAGame/Tests/Editor/InGameTimeControlUiTests.cs",3970,payload
"Assets/AAAGame/Tests/Editor/InGameTimeControlUiTests.cs.meta",254,meta
"Assets/AAAGame/Tests/Editor/InputActionConfigurationTests.cs",3035,payload
"Assets/AAAGame/Tests/Editor/InputActionConfigurationTests.cs.meta",243,meta
"Assets/AAAGame/Tests/Editor/InputDirTranslatorTests.cs",1136,payload
"Assets/AAAGame/Tests/Editor/InputDirTranslatorTests.cs.meta",243,meta
"Assets/AAAGame/Tests/Editor/InteractionManagerTests.cs",9107,payload
"Assets/AAAGame/Tests/Editor/InteractionManagerTests.cs.meta",60,meta
"Assets/AAAGame/Tests/Editor/LdtkEntityPositionConversionTests.cs",1541,payload
"Assets/AAAGame/Tests/Editor/LdtkEntityPositionConversionTests.cs.meta",243,meta
"Assets/AAAGame/Tests/Editor/LdtkSlopeBuildLayerTests.cs",15491,payload
"Assets/AAAGame/Tests/Editor/LdtkSlopeBuildLayerTests.cs.meta",243,meta
"Assets/AAAGame/Tests/Editor/LogicAuthorityTestEnvironment.cs",3604,payload
"Assets/AAAGame/Tests/Editor/LogicAuthorityTestEnvironment.cs.meta",65,meta
"Assets/AAAGame/Tests/Editor/LogicBuildingProductionTests.cs",25237,payload
"Assets/AAAGame/Tests/Editor/LogicBuildingProductionTests.cs.meta",254,meta
"Assets/AAAGame/Tests/Editor/LogicCardCommandServiceTests.cs",10367,payload
"Assets/AAAGame/Tests/Editor/LogicCardCommandServiceTests.cs.meta",62,meta
"Assets/AAAGame/Tests/Editor/LogicCardPlacementAuthorityTests.cs",18258,payload
"Assets/AAAGame/Tests/Editor/LogicCardPlacementAuthorityTests.cs.meta",62,meta
"Assets/AAAGame/Tests/Editor/LogicCombatQueryTests.cs",5692,payload
"Assets/AAAGame/Tests/Editor/LogicCombatQueryTests.cs.meta",243,meta
"Assets/AAAGame/Tests/Editor/LogicCombatShapeTests.cs",5260,payload
"Assets/AAAGame/Tests/Editor/LogicCombatShapeTests.cs.meta",254,meta
"Assets/AAAGame/Tests/Editor/LogicDamageEventServiceTests.cs",8533,payload
"Assets/AAAGame/Tests/Editor/LogicDamageEventServiceTests.cs.meta",254,meta
"Assets/AAAGame/Tests/Editor/LogicEntityFrameSnapshotTests.cs",4212,payload
"Assets/AAAGame/Tests/Editor/LogicEntityFrameSnapshotTests.cs.meta",243,meta
"Assets/AAAGame/Tests/Editor/LogicEntityIdentityTests.cs",128720,payload
"Assets/AAAGame/Tests/Editor/LogicEntityIdentityTests.cs.meta",243,meta
"Assets/AAAGame/Tests/Editor/LogicFrameClockTests.cs",16400,payload
"Assets/AAAGame/Tests/Editor/LogicFrameClockTests.cs.meta",254,meta
"Assets/AAAGame/Tests/Editor/LogicFrameRuntimeTests.cs",25604,payload
"Assets/AAAGame/Tests/Editor/LogicFrameRuntimeTests.cs.meta",243,meta
"Assets/AAAGame/Tests/Editor/LogicGameEndServiceTests.cs",26231,payload
"Assets/AAAGame/Tests/Editor/LogicGameEndServiceTests.cs.meta",254,meta
"Assets/AAAGame/Tests/Editor/LogicGameplayStateHasherTests.cs",44076,payload
"Assets/AAAGame/Tests/Editor/LogicGameplayStateHasherTests.cs.meta",243,meta
"Assets/AAAGame/Tests/Editor/LogicInGameValueCommandServiceTests.cs",3763,payload
"Assets/AAAGame/Tests/Editor/LogicInGameValueCommandServiceTests.cs.meta",62,meta
"Assets/AAAGame/Tests/Editor/LogicInputTimelineTests.cs",9713,payload
"Assets/AAAGame/Tests/Editor/LogicInputTimelineTests.cs.meta",87,meta
"Assets/AAAGame/Tests/Editor/LogicInteractionCommandServiceTests.cs",11075,payload
"Assets/AAAGame/Tests/Editor/LogicInteractionCommandServiceTests.cs.meta",60,meta
"Assets/AAAGame/Tests/Editor/LogicInteractionHoldServiceTests.cs",11719,payload
"Assets/AAAGame/Tests/Editor/LogicInteractionHoldServiceTests.cs.meta",84,meta
"Assets/AAAGame/Tests/Editor/LogicMigrationAuthorityBoundaryTests.cs",60085,payload
"Assets/AAAGame/Tests/Editor/LogicMigrationAuthorityBoundaryTests.cs.meta",243,meta
"Assets/AAAGame/Tests/Editor/LogicMoveExecutorTests.cs",13372,payload
"Assets/AAAGame/Tests/Editor/LogicMoveExecutorTests.cs.meta",254,meta
"Assets/AAAGame/Tests/Editor/LogicMovementRegionConstraintServiceTests.cs",22608,payload
"Assets/AAAGame/Tests/Editor/LogicMovementRegionConstraintServiceTests.cs.meta",254,meta
"Assets/AAAGame/Tests/Editor/LogicObstacleCommandServiceTests.cs",9254,payload
"Assets/AAAGame/Tests/Editor/LogicObstacleCommandServiceTests.cs.meta",243,meta
"Assets/AAAGame/Tests/Editor/LogicPhaseCommandServiceTests.cs",14108,payload
"Assets/AAAGame/Tests/Editor/LogicPhaseCommandServiceTests.cs.meta",243,meta
"Assets/AAAGame/Tests/Editor/LogicPresentationBoundaryTests.cs",23280,payload
"Assets/AAAGame/Tests/Editor/LogicPresentationBoundaryTests.cs.meta",243,meta
"Assets/AAAGame/Tests/Editor/LogicProjectileServiceTests.cs",7278,payload
"Assets/AAAGame/Tests/Editor/LogicProjectileServiceTests.cs.meta",254,meta
"Assets/AAAGame/Tests/Editor/LogicReplayTests.cs",19524,payload
"Assets/AAAGame/Tests/Editor/LogicReplayTests.cs.meta",254,meta
"Assets/AAAGame/Tests/Editor/LogicSkillCastCommandServiceTests.cs",15130,payload
"Assets/AAAGame/Tests/Editor/LogicSkillCastCommandServiceTests.cs.meta",243,meta
"Assets/AAAGame/Tests/Editor/LogicSkillSlotCommandServiceTests.cs",4335,payload
"Assets/AAAGame/Tests/Editor/LogicSkillSlotCommandServiceTests.cs.meta",243,meta
"Assets/AAAGame/Tests/Editor/LogicStrongholdMapTests.cs",6923,payload
"Assets/AAAGame/Tests/Editor/LogicStrongholdMapTests.cs.meta",254,meta
"Assets/AAAGame/Tests/Editor/LogicTechEffectCommandServiceTests.cs",10735,payload
"Assets/AAAGame/Tests/Editor/LogicTechEffectCommandServiceTests.cs.meta",84,meta
"Assets/AAAGame/Tests/Editor/LogicTeleportCommandServiceTests.cs",4396,payload
"Assets/AAAGame/Tests/Editor/LogicTeleportCommandServiceTests.cs.meta",243,meta
"Assets/AAAGame/Tests/Editor/LogicTestGroupMoveManagerAuthority.cs",3102,payload
"Assets/AAAGame/Tests/Editor/LogicTestGroupMoveManagerAuthority.cs.meta",251,meta
"Assets/AAAGame/Tests/Editor/LogicTestInGameDataModelAuthority.cs",4227,payload
"Assets/AAAGame/Tests/Editor/LogicTestInGameDataModelAuthority.cs.meta",240,meta
"Assets/AAAGame/Tests/Editor/LogicTimeControlServiceTests.cs",17709,payload
"Assets/AAAGame/Tests/Editor/LogicTimeControlServiceTests.cs.meta",87,meta
"Assets/AAAGame/Tests/Editor/LvTestBuildPermissionTests.cs",1278,payload
"Assets/AAAGame/Tests/Editor/LvTestBuildPermissionTests.cs.meta",251,meta
"Assets/AAAGame/Tests/Editor/MAEntityLogicFrameSystemTests.cs",96097,payload
"Assets/AAAGame/Tests/Editor/MAEntityLogicFrameSystemTests.cs.meta",243,meta
"Assets/AAAGame/Tests/Editor/MainThreadFrameProfilerTests.cs",258,payload
"Assets/AAAGame/Tests/Editor/MainThreadFrameProfilerTests.cs.meta",243,meta
"Assets/AAAGame/Tests/Editor/MoveExecutorPresentationTests.cs",3131,payload
"Assets/AAAGame/Tests/Editor/MoveExecutorPresentationTests.cs.meta",243,meta
"Assets/AAAGame/Tests/Editor/PositionSelectActionTests.cs",5543,payload
"Assets/AAAGame/Tests/Editor/PositionSelectActionTests.cs.meta",243,meta
"Assets/AAAGame/Tests/Editor/Sim.meta",180,meta
"Assets/AAAGame/Tests/Editor/Sim/ScriptedBrain.cs",1081,payload
"Assets/AAAGame/Tests/Editor/Sim/ScriptedBrain.cs.meta",254,meta
"Assets/AAAGame/Tests/Editor/Sim/SimAtkComp.cs",1678,payload
"Assets/AAAGame/Tests/Editor/Sim/SimAtkComp.cs.meta",254,meta
"Assets/AAAGame/Tests/Editor/Sim/SimEntityContext.cs",9019,payload
"Assets/AAAGame/Tests/Editor/Sim/SimEntityContext.cs.meta",254,meta
"Assets/AAAGame/Tests/Editor/Sim/SimMoveComp.cs",2446,payload
"Assets/AAAGame/Tests/Editor/Sim/SimMoveComp.cs.meta",254,meta
"Assets/AAAGame/Tests/Editor/Sim/SimMoveExecutor.cs",5175,payload
"Assets/AAAGame/Tests/Editor/Sim/SimMoveExecutor.cs.meta",254,meta
"Assets/AAAGame/Tests/Editor/Sim/SimTargetingComp.cs",3422,payload
"Assets/AAAGame/Tests/Editor/Sim/SimTargetingComp.cs.meta",254,meta
"Assets/AAAGame/Tests/Editor/SimEntityIntegrationTests.cs",5761,payload
"Assets/AAAGame/Tests/Editor/SimEntityIntegrationTests.cs.meta",254,meta
"Assets/AAAGame/Tests/Editor/SimMoveExecutorTests.cs",3261,payload
"Assets/AAAGame/Tests/Editor/SimMoveExecutorTests.cs.meta",254,meta
"Assets/AAAGame/Tests/Editor/SkillRuntimeDeterminismTests.cs",15899,payload
"Assets/AAAGame/Tests/Editor/SkillRuntimeDeterminismTests.cs.meta",254,meta
"Assets/AAAGame/Tests/Editor/StageCheckpointServiceTests.cs",14436,payload
"Assets/AAAGame/Tests/Editor/StageCheckpointServiceTests.cs.meta",243,meta
"Assets/AAAGame/Tests/Editor/StartupLevelFlowTests.cs",4834,payload
"Assets/AAAGame/Tests/Editor/StartupLevelFlowTests.cs.meta",243,meta
"Assets/AAAGame/Tests/Editor/SteeringMovementTests.cs",34936,payload
"Assets/AAAGame/Tests/Editor/SteeringMovementTests.cs.meta",254,meta
"Assets/AAAGame/Tests/Editor/StorySystemTests.cs",5062,payload
"Assets/AAAGame/Tests/Editor/StorySystemTests.cs.meta",243,meta
"Assets/AAAGame/Tests/Editor/TempFlowNavigationGridPrefabBaker.meta",172,meta
"Assets/AAAGame/Tests/Editor/TutorialSystemTests.cs",15742,payload
"Assets/AAAGame/Tests/Editor/TutorialSystemTests.cs.meta",243,meta
"Assets/AAAGame/Tilemap/Ldtk/City/Lv1_Backup.ldtkl",711622,payload
"Assets/AAAGame/Tilemap/Ldtk/City/Lv1_Backup.ldtkl.meta",155,meta
"Assets/AAAGame/Tilemap/Ldtk/City/Lv1.ldtkl",696376,payload
"Assets/AAAGame/Tilemap/Ldtk/City/Lv1.ldtkl.meta",162,meta
"Assets/AAAGame/Tilemap/Ldtk/City/Lv2_Backup.ldtkl",944343,payload
"Assets/AAAGame/Tilemap/Ldtk/City/Lv2_Backup.ldtkl.meta",155,meta
"Assets/AAAGame/Tilemap/Ldtk/City/Lv2.ldtkl",945825,payload
"Assets/AAAGame/Tilemap/Ldtk/City/Lv2.ldtkl.meta",162,meta
"Assets/AAAGame/Tilemap/Ldtk/City/Lv3_Backup.ldtkl",1527472,payload
"Assets/AAAGame/Tilemap/Ldtk/City/Lv3_Backup.ldtkl.meta",155,meta
"Assets/AAAGame/Tilemap/Ldtk/City/Lv3.ldtkl",1529608,payload
"Assets/AAAGame/Tilemap/Ldtk/City/Lv3.ldtkl.meta",162,meta
"Assets/AAAGame/Tilemap/Ldtk/City/LvTest.ldtkl",818875,payload
"Assets/AAAGame/Tilemap/Ldtk/City/LvTest.ldtkl.meta",162,meta
"Assets/Plugins/UnityGameFramework/Configs/ResourceCollection.xml",74822,payload
"Assets/Plugins/UnityGameFramework/Configs/ResourceCollection.xml.meta",165,meta
"README.md",3857,documentation
"RESTORE.md",1206,documentation
